,收盘_sz,开盘_sz,高_sz,低_sz,交易量_sz,涨跌幅_sz,date,收盘_cy,开盘_cy,高_cy,低_cy,交易量_cy,涨跌幅_cy,sen,lhb
0,"2,931.88","2,915.97","2,936.85","2,900.87",3.93B,2.09,20180222,"1,677.76","1,661.56","1,679.79","1,650.88",1.40B,1.88,0.016574850768564263,0.05485108259671618
1,"2,957.17","2,941.42","2,966.75","2,926.36",3.82B,0.86,20180223,"1,668.83","1,674.62","1,681.24","1,656.95",1.25B,-0.53,-0.01979763827960448,0.04717476397282447
2,"2,973.79","2,973.81","2,986.81","2,933.52",5.02B,0.56,20180226,"1,729.15","1,683.15","1,733.71","1,673.95",1.99B,3.61,0.04486262381760992,0.0971745690635786
3,"2,927.10","2,979.77","2,979.77","2,918.01",4.62B,-1.57,20180227,"1,743.54","1,729.94","1,757.37","1,728.31",2.28B,0.83,0.001990223276042845,0.037008828497940835
4,"2,878.67","2,899.00","2,905.57","2,866.46",3.88B,-1.65,20180228,"1,753.63","1,730.15","1,773.73","1,723.39",2.16B,0.58,-0.02237245043034479,-0.04286637880471621
5,"2,891.30","2,859.09","2,907.27","2,852.49",3.23B,0.44,20180301,"1,789.85","1,744.34","1,789.85","1,741.03",2.32B,2.07,0.062328300931550874,0.05339880610030423
6,"2,864.18","2,864.18","2,887.89","2,852.01",2.99B,-0.94,20180302,"1,772.01","1,777.46","1,804.25","1,767.90",2.07B,-1.0,0.027032945420255774,-0.028758549982428737
7,"2,863.99","2,865.20","2,889.74","2,846.93",3.00B,-0.01,20180305,"1,795.69","1,780.82","1,795.69","1,768.88",1.67B,1.34,0.08323236129675764,0.08638622937594702
8,"2,892.48","2,878.92","2,893.46","2,838.61",4.76B,0.99,20180306,"1,797.61","1,798.03","1,810.26","1,790.54",1.95B,0.11,0.06312676670845327,0.06626182649709576
9,"2,878.15","2,892.44","2,921.44","2,868.04",3.79B,-0.5,20180307,"1,785.27","1,795.17","1,800.45","1,780.30",1.58B,-0.69,0.0231080854323872,0.04779716818557244
10,"2,898.25","2,878.82","2,903.05","2,865.55",2.90B,0.7,20180308,"1,793.22","1,783.10","1,795.82","1,781.46",1.39B,0.45,0.08147297891566861,0.08202939988671118
11,"2,908.20","2,907.04","2,916.55","2,891.87",3.15B,0.34,20180309,"1,856.46","1,794.25","1,858.03","1,793.92",2.80B,3.53,0.047518277039361116,0.06875144334808768
12,"2,909.58","2,922.62","2,927.51","2,897.24",4.50B,0.05,20180312,"1,882.41","1,872.03","1,901.15","1,872.03",2.79B,1.4,0.048977377191458185,0.03119972251229305
13,"2,883.38","2,909.25","2,921.31","2,878.20",4.06B,-0.9,20180313,"1,872.68","1,879.63","1,896.50","1,863.16",2.20B,-0.52,-0.026318341539924597,-0.030625762620672674
14,"2,871.33","2,871.72","2,879.54","2,860.97",3.09B,-0.42,20180314,"1,841.29","1,863.57","1,874.15","1,840.35",1.77B,-1.68,-0.0406678722756248,-0.01382084887647729
15,"2,894.98","2,860.41","2,895.61","2,860.41",2.63B,0.82,20180315,"1,848.71","1,833.77","1,848.72","1,812.48",1.81B,0.4,-0.019743334289278096,-0.02585399698960485
16,"2,870.73","2,895.51","2,911.19","2,869.97",2.72B,-0.84,20180316,"1,821.32","1,847.18","1,857.15","1,821.32",1.78B,-1.48,0.07944974252981839,0.03763123271068882
17,"2,897.26","2,870.36","2,898.23","2,856.17",2.60B,0.92,20180319,"1,842.92","1,822.60","1,860.20","1,818.62",1.92B,1.19,0.05992762338747772,0.0162620214063416
18,"2,904.40","2,878.95","2,907.52","2,877.10",2.71B,0.25,20180320,"1,864.62","1,828.01","1,867.46","1,825.67",1.77B,1.18,0.07017812952564084,0.04198806219992466
19,"2,894.18","2,929.00","2,932.22","2,879.53",3.34B,-0.35,20180321,"1,829.91","1,866.81","1,877.13","1,829.91",2.06B,-1.86,0.007869655332625708,0.035349083930612896
20,"2,866.67","2,894.13","2,902.77","2,851.29",3.05B,-0.95,20180322,"1,817.23","1,830.56","1,841.40","1,814.69",1.80B,-0.69,0.05495989268817009,0.0027765967968020984
21,"2,791.47","2,786.53","2,800.25","2,754.66",6.26B,-2.62,20180323,"1,726.02","1,751.74","1,792.23","1,710.40",2.69B,-5.02,0.02295072144564409,-0.04369625108838018
22,"2,738.87","2,767.36","2,773.54","2,709.57",4.27B,-1.88,20180326,"1,780.61","1,704.35","1,781.84","1,693.73",2.15B,3.16,0.009874091174215791,0.04468514712183255
23,"2,747.59","2,775.63","2,780.84","2,726.36",3.92B,0.32,20180327,"1,844.69","1,799.15","1,846.54","1,797.09",2.70B,3.6,0.06111528152751941,0.08493395287953506
24,"2,694.83","2,714.87","2,746.88","2,687.96",3.46B,-1.92,20180328,"1,835.15","1,819.66","1,856.88","1,816.44",2.44B,-0.52,-0.0042994705965051,-0.022949443996780956
25,"2,738.79","2,699.14","2,757.78","2,657.49",4.24B,1.63,20180329,"1,842.19","1,843.44","1,857.32","1,825.97",2.05B,0.38,0.033298079522639995,-0.016725401869301187
26,"2,722.15","2,735.62","2,740.82","2,714.77",3.17B,-0.61,20180330,"1,900.48","1,850.20","1,900.96","1,849.25",2.62B,3.16,0.07530616221512511,0.07186346441182756
27,"2,711.37","2,717.12","2,754.65","2,707.63",3.47B,-0.4,20180402,"1,900.25","1,911.57","1,918.22","1,891.96",2.54B,-0.01,0.06394016813962257,0.040120849561680716
28,"2,697.27","2,690.63","2,709.91","2,683.05",2.86B,-0.52,20180403,"1,872.47","1,869.87","1,886.97","1,850.01",2.10B,-1.46,0.0504513061223599,-0.015065657301973246
29,"2,702.37","2,706.42","2,730.25","2,698.89",2.67B,0.19,20180404,"1,836.81","1,880.33","1,887.11","1,834.67",1.87B,-1.9,0.043762749576727315,0.035764020072444884
30,"2,715.73","2,706.33","2,721.59","2,688.83",2.63B,0.49,20180409,"1,841.65","1,830.88","1,862.97","1,819.09",1.76B,0.26,0.08990078762332351,0.015847085264509616
31,"2,780.80","2,719.52","2,781.27","2,710.87",3.81B,2.4,20180410,"1,835.52","1,838.88","1,842.22","1,811.35",1.91B,-0.33,0.0490127001091664,-0.04037676195372432
32,"2,785.34","2,782.67","2,803.88","2,767.38",3.90B,0.16,20180411,"1,834.63","1,840.09","1,857.92","1,832.42",1.70B,-0.05,0.07988246693369723,0.008585702782449885
33,"2,749.70","2,785.12","2,785.31","2,747.77",2.61B,-1.28,20180412,"1,826.89","1,830.91","1,848.63","1,826.69",1.38B,-0.42,0.05742299604723607,0.004436341364130037
34,"2,726.40","2,765.67","2,771.03","2,724.17",2.18B,-0.85,20180413,"1,824.59","1,840.87","1,848.92","1,822.66",1.41B,-0.13,0.015865732564305478,-0.07025216416562721
35,"2,664.70","2,716.58","2,723.58","2,656.52",3.67B,-2.26,20180416,"1,838.71","1,818.25","1,852.08","1,816.32",1.91B,0.77,0.04410697600109618,-0.029173486124260725
36,"2,635.70","2,669.26","2,683.50","2,633.59",2.71B,-1.09,20180417,"1,783.74","1,843.75","1,849.69","1,783.74",2.01B,-2.99,-0.01913462378461225,-0.07398658944211507
37,"2,653.77","2,666.62","2,668.79","2,623.97",3.15B,0.69,20180418,"1,822.26","1,793.83","1,832.99","1,757.39",2.29B,2.16,0.025027397090980195,-0.010086423599989429
38,"2,682.55","2,661.30","2,693.14","2,656.15",2.60B,1.08,20180419,"1,820.28","1,815.45","1,839.13","1,812.93",1.89B,-0.11,-0.04426059826848182,0.004436341364130037
39,"2,647.38","2,672.36","2,677.92","2,632.75",2.81B,-1.31,20180420,"1,782.81","1,813.75","1,830.73","1,781.21",2.05B,-2.06,-0.0716048539265993,-0.04971282514494396
40,"2,664.92","2,637.07","2,671.01","2,636.68",2.53B,0.66,20180423,"1,753.05","1,784.15","1,794.68","1,729.90",1.92B,-1.67,-0.016001870076213003,0.02082631896649343
41,"2,722.85","2,669.61","2,737.21","2,669.61",3.94B,2.17,20180424,"1,806.86","1,753.64","1,806.90","1,749.18",1.92B,3.07,0.05397038060597098,0.06377220964610385
42,"2,702.98","2,707.71","2,717.31","2,696.22",2.35B,-0.73,20180425,"1,819.41","1,798.00","1,825.23","1,795.79",1.76B,0.69,0.015792367283153246,0.0380461688525208
43,"2,666.02","2,712.52","2,717.57","2,652.42",2.35B,-1.37,20180426,"1,781.28","1,818.69","1,819.43","1,780.62",1.57B,-2.1,-0.02366579214106853,-0.06340571782539946
44,"2,653.54","2,672.64","2,675.10","2,613.53",2.84B,-0.47,20180427,"1,805.60","1,790.30","1,813.57","1,779.17",1.70B,1.37,-0.13337657262207273,-0.09680807724287424
45,"2,652.73","2,662.08","2,667.96","2,637.06",2.67B,-0.03,20180502,"1,801.57","1,814.63","1,833.27","1,788.01",1.59B,-0.22,-0.029550099267984718,-0.033115379471664576
46,"2,663.98","2,643.97","2,671.24","2,626.54",2.62B,0.42,20180503,"1,826.79","1,797.12","1,827.77","1,767.60",1.83B,1.4,0.015956127293038268,0.05526601873854817
47,"2,646.35","2,659.27","2,669.70","2,643.26",2.08B,-0.66,20180504,"1,814.85","1,821.02","1,832.96","1,812.07",1.40B,-0.65,-0.04036081560389339,-0.021912103642201
48,"2,683.85","2,649.10","2,686.22","2,638.17",2.66B,1.42,20180507,"1,852.34","1,819.67","1,854.30","1,819.02",1.62B,2.07,0.023903743305710174,0.0679215710644237
49,"2,722.88","2,683.84","2,736.76","2,682.79",3.16B,1.45,20180508,"1,856.87","1,852.69","1,857.95","1,842.63",1.54B,0.24,0.024157521066476523,0.04738223204374045
50,"2,717.24","2,723.09","2,725.20","2,706.48",2.03B,-0.21,20180509,"1,855.81","1,853.83","1,861.94","1,845.90",1.33B,-0.06,0.005702769136070586,0.012320128058937748
51,"2,729.40","2,727.52","2,738.63","2,712.47",1.96B,0.45,20180510,"1,865.36","1,857.99","1,866.82","1,846.11",1.51B,0.51,0.05450679867394771,0.05505855066763217
52,"2,724.72","2,737.23","2,738.65","2,720.55",2.35B,-0.17,20180511,"1,834.78","1,866.93","1,870.00","1,834.78",1.58B,-1.64,-0.009050092816407508,-0.03124816683342065
53,"2,753.54","2,736.98","2,761.49","2,736.04",2.71B,1.06,20180514,"1,830.98","1,835.70","1,844.65","1,825.69",1.67B,-0.21,0.003002716522801566,-0.03996182581189233
54,"2,750.83","2,760.20","2,760.57","2,731.57",2.25B,-0.1,20180515,"1,858.01","1,830.84","1,858.99","1,825.50",1.54B,1.48,0.0473851643438855,0.05630335909312813
55,"2,716.78","2,739.89","2,744.62","2,714.26",2.18B,-1.24,20180516,"1,846.67","1,850.01","1,862.29","1,845.09",1.34B,-0.61,-0.00423517286593049,-0.016725401869301187
56,"2,700.88","2,720.77","2,724.39","2,698.17",1.67B,-0.59,20180517,"1,831.20","1,845.28","1,851.12","1,826.23",1.10B,-0.84,0.0054110579987398785,-0.01216110430914935
57,"2,740.53","2,697.72","2,741.01","2,690.99",2.29B,1.47,20180518,"1,836.75","1,829.06","1,839.00","1,812.66",1.21B,0.3,0.001077688086670018,-0.0024101049760977093
58,"2,745.80","2,753.88","2,761.72","2,739.68",2.78B,0.19,20180521,"1,862.48","1,845.76","1,870.57","1,845.76",1.68B,1.4,0.04985983165038855,0.06563942228434777
59,"2,728.00","2,744.32","2,744.32","2,711.06",2.33B,-0.65,20180522,"1,876.00","1,860.63","1,876.16","1,858.11",1.46B,0.73,0.06342943793103466,0.033481871292368966
60,"2,683.69","2,721.02","2,721.02","2,683.59",2.54B,-1.62,20180523,"1,845.97","1,869.50","1,876.20","1,845.81",1.46B,-1.6,0.006394758029477836,-0.036849804748152436
61,"2,665.68","2,684.13","2,691.03","2,664.12",1.97B,-0.67,20180524,"1,838.40","1,847.81","1,855.99","1,837.44",1.36B,-0.41,0.04009970740955617,-0.0017877007633497336
62,"2,661.29","2,663.32","2,679.85","2,650.34",1.99B,-0.16,20180525,"1,804.55","1,835.41","1,841.64","1,804.55",1.61B,-1.84,0.041647439501374964,0.013357468413517707
63,"2,673.20","2,661.21","2,682.78","2,650.40",1.85B,0.45,20180528,"1,796.91","1,804.78","1,815.22","1,788.03",1.41B,-0.42,-0.01166088121290387,-0.08249278034967075
64,"2,663.40","2,666.83","2,676.68","2,642.87",2.69B,-0.37,20180529,"1,773.65","1,795.72","1,815.20","1,773.62",1.38B,-1.29,-0.04809461503448311,-0.08373758877516672
65,"2,605.90","2,632.71","2,637.19","2,604.91",2.42B,-2.16,20180530,"1,726.22","1,744.24","1,758.87","1,724.28",1.66B,-2.67,-0.12809719588821414,-0.08954669476081452
66,"2,658.29","2,626.94","2,661.66","2,624.67",2.65B,2.01,20180531,"1,743.74","1,741.33","1,748.53","1,714.85",1.41B,1.01,0.004424479812583364,0.07248586862457554
67,"2,647.19","2,652.25","2,664.31","2,637.37",2.04B,-0.42,20180601,"1,709.55","1,734.35","1,744.01","1,699.68",1.22B,-1.96,-0.07514023816905402,-0.0569742076270037
68,"2,694.58","2,664.84","2,697.75","2,658.57",2.25B,1.79,20180604,"1,702.93","1,709.57","1,715.41","1,690.99",1.24B,-0.39,-0.07673607996905045,-0.0351900601808245
69,"2,707.02","2,697.69","2,712.12","2,680.24",2.22B,0.46,20180605,"1,746.11","1,702.37","1,747.75","1,702.37",1.37B,2.54,0.0005913466425470422,0.052153997674808286
70,"2,692.18","2,702.71","2,703.41","2,688.33",2.05B,-0.55,20180606,"1,743.25","1,744.17","1,751.97","1,735.37",1.32B,-0.16,0.020347130137379592,0.01667695754817359
71,"2,695.24","2,697.51","2,717.06","2,693.10",2.35B,0.11,20180607,"1,730.38","1,747.93","1,750.51","1,728.06",1.24B,-0.74,0.0018069370870707352,-0.04929788900311198
72,"2,652.08","2,686.09","2,686.15","2,637.36",2.60B,-1.6,20180608,"1,711.52","1,726.30","1,727.49","1,698.25",1.23B,-1.09,-0.04217608233837518,0.02684289302305721
73,"2,660.41","2,644.43","2,665.93","2,633.08",1.98B,0.31,20180611,"1,688.62","1,707.14","1,708.20","1,684.31",1.09B,-1.34,-0.0017790025318439567,0.02808770144855317
74,"2,687.70","2,662.39","2,691.97","2,650.97",1.96B,1.03,20180612,"1,712.77","1,692.67","1,715.66","1,681.00",1.18B,1.43,0.02141969744502184,7.951187489419831e-05
75,"2,671.63","2,681.31","2,686.07","2,662.75",1.94B,-0.6,20180613,"1,685.89","1,711.53","1,711.53","1,685.89",1.11B,-1.57,-0.001706911846510893,-0.07170444066203915
76,"2,671.30","2,662.23","2,691.04","2,659.57",2.14B,-0.01,20180614,"1,673.32","1,682.84","1,702.69","1,669.38",1.13B,-0.75,-0.01709931908662395,-0.004692253756173628
77,"2,667.98","2,657.59","2,677.31","2,657.51",2.56B,-0.12,20180615,"1,641.66","1,673.90","1,681.89","1,636.70",1.29B,-1.89,-0.11686331001064545,-0.06817748345646729
78,"2,599.78","2,638.40","2,646.64","2,571.69",5.76B,-2.56,20180619,"1,547.15","1,612.90","1,626.87","1,532.32",1.74B,-5.76,-0.1872862652268257,-0.16319785993599178
79,"2,598.33","2,588.12","2,607.47","2,567.50",2.38B,-0.06,20180620,"1,563.79","1,540.61","1,577.62","1,525.29",1.57B,1.08,-0.0687283063772041,0.032651999008705
80,"2,579.05","2,597.30","2,628.04","2,575.17",2.46B,-0.74,20180621,"1,521.68","1,562.37","1,570.60","1,521.56",1.50B,-2.69,-0.07612210001989568,-0.07875835507318289
81,"2,583.71","2,564.87","2,586.33","2,553.30",1.97B,0.18,20180622,"1,549.66","1,514.04","1,555.72","1,506.62",1.30B,1.84,-0.027774353632361536,-0.009256551316325455
82,"2,536.46","2,593.62","2,595.99","2,535.12",2.34B,-1.83,20180625,"1,538.57","1,563.74","1,566.78","1,537.27",1.23B,-0.72,-0.03541242612776687,0.033274403221452975
83,"2,506.72","2,516.08","2,519.16","2,470.15",2.65B,-1.17,20180626,"1,564.92","1,518.50","1,570.28","1,515.27",1.50B,1.71,-0.0038009261274057756,0.00734089435695393
84,"2,452.64","2,500.07","2,512.59","2,438.04",2.74B,-2.16,20180627,"1,546.23","1,564.29","1,572.61","1,542.52",1.31B,-1.19,-0.034876122241258384,0.02082631896649343
85,"2,425.18","2,431.86","2,461.17","2,418.30",2.29B,-1.12,20180628,"1,543.66","1,544.64","1,570.90","1,540.89",1.36B,-0.17,-0.0216609897235009,-0.03788714510273241
86,"2,479.91","2,431.81","2,481.32","2,429.59",2.08B,2.26,20180629,"1,606.71","1,547.15","1,609.73","1,547.15",1.70B,4.08,0.02371413883909217,0.04406274290908458
87,"2,386.38","2,473.31","2,473.73","2,370.40",2.61B,-3.77,20180702,"1,588.37","1,605.21","1,614.34","1,572.56",1.49B,-1.14,-0.020408129382802058,0.04945691275290038
88,"2,388.98","2,389.36","2,395.08","2,331.84",2.91B,0.11,20180703,"1,607.12","1,589.50","1,613.83","1,558.00",1.68B,1.18,-0.00629475270181917,-0.01589552958563721
89,"2,368.43","2,381.25","2,403.51","2,365.89",1.97B,-0.86,20180704,"1,565.61","1,595.89","1,596.00","1,557.54",1.38B,-2.58,-0.04930287903405694,-0.0297958903370087
90,"2,374.36","2,370.86","2,398.56","2,352.97",2.53B,0.25,20180705,"1,532.68","1,560.98","1,576.99","1,532.43",1.22B,-2.1,-0.0775469224651581,-0.07792848278951893
91,"2,402.62","2,378.87","2,422.40","2,349.48",2.49B,1.19,20180706,"1,541.31","1,532.05","1,571.02","1,517.06",1.67B,0.56,-0.030771944272774413,0.001739256442222137
92,"2,471.29","2,410.52","2,471.80","2,410.52",2.43B,2.86,20180709,"1,581.93","1,546.01","1,582.53","1,546.01",1.45B,2.64,0.014003828929836254,0.04323287062542061
93,"2,471.23","2,475.98","2,477.84","2,448.86",2.14B,-0.0,20180710,"1,592.98","1,583.74","1,594.00","1,577.39",1.34B,0.7,0.05091434600551675,0.0542286783839682
94,"2,432.28","2,420.18","2,443.35","2,409.31",2.09B,-1.58,20180711,"1,563.01","1,562.59","1,577.17","1,540.70",1.64B,-1.88,-0.03164569486355098,0.001324320300390152
95,"2,474.62","2,425.67","2,490.44","2,425.67",2.73B,1.74,20180712,"1,614.63","1,563.79","1,620.64","1,563.79",2.44B,3.3,0.021458923451636462,0.03887604113618477
96,"2,476.86","2,480.82","2,481.56","2,464.95",1.98B,0.09,20180713,"1,618.46","1,612.19","1,626.27","1,608.60",2.09B,0.24,-0.00977680078609565,-0.018385146436629127
97,"2,448.76","2,471.15","2,484.17","2,438.86",1.99B,-1.13,20180716,"1,616.91","1,614.56","1,624.33","1,605.21",1.81B,-0.1,0.01565081416377917,-0.029588422266092713
98,"2,430.44","2,443.55","2,446.10","2,414.35",1.67B,-0.75,20180717,"1,621.63","1,615.84","1,622.09","1,597.88",1.83B,0.29,0.0056899283457521686,0.0007019160876421747
99,"2,420.76","2,437.38","2,458.48","2,419.32",1.78B,-0.4,20180718,"1,607.88","1,622.29","1,635.91","1,607.88",1.94B,-0.85,-0.005101637628484724,-0.025646528918688856
100,"2,426.16","2,432.89","2,452.45","2,418.66",2.04B,0.22,20180719,"1,590.06","1,607.93","1,619.39","1,582.97",1.68B,-1.11,-0.0025218529836715515,-0.03290791140074858
101,"2,493.76","2,426.10","2,506.94","2,409.05",3.45B,2.79,20180720,"1,609.55","1,589.31","1,615.06","1,578.80",1.70B,1.23,0.0001789340082056745,0.00734089435695393
102,"2,526.81","2,482.05","2,533.77","2,478.19",3.96B,1.33,20180723,"1,620.97","1,592.24","1,621.17","1,589.64",1.94B,0.71,0.021571593323422632,-0.002825041117929695
103,"2,563.58","2,534.07","2,579.59","2,534.07",4.88B,1.46,20180724,"1,629.61","1,615.72","1,641.97","1,607.54",2.20B,0.53,0.04931170145969112,0.035764020072444884
104,"2,563.69","2,573.93","2,573.96","2,550.97",2.65B,0.0,20180725,"1,632.32","1,629.13","1,645.44","1,626.09",1.98B,0.17,0.02504988587719606,0.01875163825733351
105,"2,530.99","2,570.48","2,578.72","2,525.67",2.53B,-1.28,20180726,"1,606.12","1,631.46","1,635.05","1,601.46",2.10B,-1.61,0.04812159966703878,-0.01983742293304107
106,"2,525.09","2,529.66","2,541.23","2,515.89",1.90B,-0.23,20180727,"1,594.57","1,601.27","1,607.30","1,590.43",1.76B,-0.72,0.019328486291820463,-0.028758549982428737
107,"2,541.31","2,525.38","2,562.76","2,515.55",2.45B,0.64,20180730,"1,559.64","1,593.60","1,596.73","1,554.04",1.55B,-2.19,-0.021438752318301998,-0.08021063156959485
108,"2,545.12","2,537.03","2,553.81","2,521.82",2.02B,0.15,20180731,"1,561.26","1,557.60","1,571.87","1,551.09",1.36B,0.1,-0.01856380438227795,-0.03892448545731236
109,"2,490.25","2,557.61","2,570.31","2,489.12",2.74B,-2.16,20180801,"1,541.86","1,568.12","1,580.84","1,541.86",1.43B,-1.24,-0.0324913153730365,0.0009093841585581672
110,"2,440.31","2,483.76","2,485.41","2,412.96",2.96B,-2.01,20180802,"1,510.09","1,538.28","1,538.94","1,484.48",1.85B,-2.06,-0.04981278971347591,-0.042658910733800216
111,"2,413.50","2,438.84","2,452.07","2,413.25",2.15B,-1.1,20180803,"1,481.61","1,512.57","1,523.24","1,481.61",1.25B,-1.89,-0.07992611050228307,-0.06983722802379523
112,"2,406.54","2,417.30","2,448.98","2,393.68",2.57B,-0.29,20180806,"1,440.80","1,471.36","1,485.85","1,434.79",1.45B,-2.75,-0.08946761966638403,-0.06278331361265148
113,"2,479.78","2,416.01","2,480.10","2,407.64",2.98B,3.04,20180807,"1,479.44","1,445.62","1,482.03","1,435.09",1.41B,2.68,0.016492754923901908,0.05692576330587611
114,"2,447.00","2,476.40","2,481.84","2,443.07",2.36B,-1.32,20180808,"1,447.76","1,475.32","1,480.28","1,446.81",1.31B,-2.14,-0.034762897845378816,-0.06610280274730736
115,"2,504.62","2,437.45","2,510.36","2,435.79",2.66B,2.35,20180809,"1,497.61","1,443.87","1,509.87","1,443.30",1.69B,3.44,-0.014531433348691704,0.033481871292368966
116,"2,503.21","2,505.31","2,518.11","2,485.98",1.94B,-0.06,20180810,"1,511.71","1,496.10","1,514.51","1,496.10",1.26B,0.94,-0.011595370057830555,-0.03643486860632045
117,"2,478.51","2,480.10","2,485.23","2,442.23",2.29B,-0.99,20180813,"1,531.34","1,494.32","1,534.12","1,490.82",1.41B,1.3,0.014632705610595303,0.022278595462905382
118,"2,469.20","2,475.47","2,482.71","2,454.98",1.71B,-0.38,20180814,"1,518.49","1,530.45","1,533.07","1,512.16",1.22B,-0.84,-0.04409817185934296,-0.0024101049760977093
119,"2,408.72","2,467.25","2,467.45","2,405.60",1.98B,-2.45,20180815,"1,478.51","1,518.28","1,519.72","1,472.44",1.43B,-2.63,-0.1014554079441291,-0.01465072116014126
120,"2,405.16","2,381.01","2,430.92","2,367.05",2.55B,-0.15,20180816,"1,463.87","1,458.39","1,489.34","1,449.93",1.40B,-0.99,-0.08287655630081985,-0.055314463059675766
121,"2,374.17","2,427.47","2,429.68","2,370.04",2.06B,-1.29,20180817,"1,434.31","1,475.89","1,480.42","1,432.06",1.28B,-2.02,-0.10149540707631953,-0.032700443329832594
122,"2,409.13","2,386.14","2,409.13","2,370.82",2.30B,1.47,20180820,"1,435.69","1,428.26","1,444.00","1,404.19",1.38B,0.1,-0.04707777781953889,-0.0432813149465482
123,"2,452.38","2,411.98","2,461.14","2,410.89",2.44B,1.8,20180821,"1,456.97","1,435.36","1,461.38","1,431.84",1.30B,1.48,-0.01423500323255795,0.034104275505116945
124,"2,450.15","2,461.40","2,461.40","2,438.94",1.61B,-0.09,20180822,"1,439.55","1,454.71","1,457.79","1,437.26",1.11B,-1.2,-0.055834464365371886,-0.06859241959829927
125,"2,461.07","2,453.66","2,474.69","2,435.16",1.89B,0.45,20180823,"1,455.50","1,439.66","1,463.02","1,438.28",1.26B,1.11,0.0190019577806168,0.01522468105176164
126,"2,472.00","2,449.37","2,496.39","2,438.72",2.08B,0.44,20180824,"1,450.09","1,450.95","1,460.65","1,442.81",1.08B,-0.37,-0.03083775804355568,-0.019422486791209084
127,"2,522.34","2,484.41","2,522.34","2,482.52",2.84B,2.04,20180827,"1,493.43","1,455.66","1,495.68","1,454.28",1.52B,2.99,0.026511486050605004,0.058170571731372064
128,"2,511.15","2,524.92","2,530.50","2,503.81",2.14B,-0.44,20180828,"1,493.11","1,495.90","1,499.68","1,485.54",1.28B,-0.02,0.003969345802971315,-0.014858189231057252
129,"2,503.48","2,506.15","2,515.00","2,497.82",1.82B,-0.31,20180829,"1,481.19","1,491.78","1,491.78","1,475.97",1.12B,-0.8,-0.0322119695190669,-0.01651793379838519
130,"2,479.21","2,506.53","2,519.40","2,479.21",1.82B,-0.97,20180830,"1,457.92","1,479.85","1,484.16","1,456.24",1.16B,-1.57,-0.06655813858757455,-0.06278331361265148
131,"2,474.48","2,462.80","2,490.46","2,455.99",2.62B,-0.19,20180831,"1,435.20","1,450.47","1,455.51","1,434.31",1.06B,-1.56,-0.04599023935889058,-0.033322847542580566
132,"2,465.88","2,461.86","2,470.51","2,445.87",1.83B,-0.35,20180903,"1,443.69","1,433.63","1,445.30","1,416.24",1.25B,0.59,-0.02928038509678304,0.00547368171871
133,"2,500.44","2,467.25","2,507.04","2,451.72",2.06B,1.4,20180904,"1,455.50","1,442.27","1,461.11","1,430.66",1.59B,0.82,0.004820947559516016,0.05588842295129615
134,"2,441.23","2,488.90","2,493.47","2,441.23",2.13B,-2.37,20180905,"1,430.24","1,450.39","1,457.59","1,430.24",1.56B,-1.74,-0.010135674761837814,0.0081707666406179
135,"2,416.03","2,432.40","2,449.83","2,408.93",2.09B,-1.03,20180906,"1,422.87","1,424.46","1,443.56","1,416.57",1.36B,-0.52,-0.01486832989613375,-0.014028316947393284
136,"2,437.68","2,424.42","2,458.26","2,416.16",1.84B,0.9,20180907,"1,425.23","1,426.98","1,453.09","1,415.17",1.61B,0.17,-0.06272348496195239,0.03680136042702485
137,"2,413.43","2,431.18","2,440.11","2,410.79",1.80B,-0.99,20180910,"1,390.82","1,424.01","1,427.33","1,390.14",1.63B,-2.41,-0.0725767523061812,-0.03933942159914435
138,"2,398.77","2,412.18","2,422.94","2,387.64",1.81B,-0.61,20180911,"1,395.17","1,389.54","1,405.98","1,383.13",1.27B,0.31,-0.06660513026182772,-0.013613380805561298
139,"2,381.39","2,389.28","2,398.73","2,373.04",1.68B,-0.72,20180912,"1,385.80","1,394.16","1,406.40","1,382.84",1.22B,-0.67,-0.07980781344232216,-0.029173486124260725
140,"2,415.31","2,413.41","2,420.00","2,381.03",2.15B,1.42,20180913,"1,391.28","1,401.96","1,408.87","1,369.51",1.30B,0.4,-0.0394872908867961,0.0048512775059620225
141,"2,425.42","2,421.66","2,434.67","2,410.66",1.64B,0.42,20180914,"1,366.57","1,394.09","1,396.47","1,366.57",1.31B,-1.78,-0.07423441211509141,-0.0511651016413559
142,"2,399.88","2,411.38","2,418.14","2,397.94",1.37B,-1.05,20180917,"1,349.78","1,360.72","1,365.40","1,345.58",1.10B,-1.23,-0.04707715587418152,-0.018800082578461108
143,"2,458.77","2,391.95","2,459.77","2,391.73",2.29B,2.45,20180918,"1,377.30","1,348.11","1,379.38","1,347.12",1.24B,2.04,0.0017704907611724551,0.04219553027084064
144,"2,487.08","2,455.44","2,505.00","2,452.58",2.90B,1.15,20180919,"1,392.40","1,375.21","1,405.71","1,369.47",1.52B,1.1,0.04693618658363463,0.052568933816640274
145,"2,487.42","2,492.40","2,503.10","2,480.54",2.29B,0.01,20180920,"1,387.62","1,391.25","1,400.04","1,384.71",1.14B,-0.34,-0.0005863333777145482,-0.004692253756173628
146,"2,573.60","2,495.74","2,573.60","2,485.41",4.18B,3.46,20180921,"1,411.12","1,393.67","1,413.56","1,382.40",1.35B,1.69,-0.020365396966962768,-0.011538700096401372
147,"2,547.79","2,545.21","2,560.72","2,536.43",2.43B,-1.0,20180925,"1,405.81","1,401.86","1,416.78","1,398.40",945.30M,-0.38,-0.009713790073126524,-0.027098805415100805
148,"2,582.77","2,555.92","2,610.59","2,553.17",3.37B,1.37,20180926,"1,420.75","1,409.02","1,430.12","1,403.56",1.30B,1.06,0.02695837672469427,0.06294233736243987
149,"2,575.45","2,582.12","2,584.07","2,561.58",2.30B,-0.28,20180927,"1,400.36","1,418.37","1,423.39","1,399.15",1.38B,-1.44,-0.046602929016444056,-0.057181675697919675
150,"2,606.67","2,580.66","2,618.83","2,577.98",2.88B,1.21,20180928,"1,411.34","1,403.96","1,412.95","1,394.25",1.28B,0.78,-0.02001042291333011,0.03431174357603293
151,"2,486.82","2,544.49","2,548.89","2,481.18",3.37B,-4.6,20181008,"1,353.67","1,380.65","1,388.16","1,353.23",1.13B,-4.09,-0.07237174644677133,0.0009093841585581672
152,"2,491.66","2,481.59","2,506.27","2,476.35",2.17B,0.19,20181009,"1,345.95","1,357.97","1,365.83","1,338.73",911.37M,-0.57,-0.0008177884449984947,0.0463448916891605
153,"2,494.06","2,495.86","2,518.61","2,472.19",2.04B,0.1,20181010,"1,346.70","1,350.68","1,358.49","1,333.84",879.46M,0.06,0.01391608665729467,0.022071127391989392
154,"2,390.50","2,412.22","2,446.37","2,369.03",3.69B,-4.15,20181011,"1,261.88","1,299.17","1,311.84","1,255.42",1.51B,-6.3,-0.16749525523053935,-0.08581226948432663
155,"2,444.13","2,398.18","2,452.69","2,390.99",2.90B,2.24,20181012,"1,268.41","1,253.92","1,276.59","1,230.40",1.45B,0.52,-0.057084669645741784,0.014394808768097673
156,"2,412.48","2,443.73","2,448.26","2,407.55",2.05B,-1.29,20181015,"1,250.22","1,268.88","1,282.29","1,249.20",1.12B,-1.43,-0.022722579229175,-0.0032399772597616803
157,"2,415.49","2,414.32","2,459.88","2,407.00",1.98B,0.12,20181016,"1,216.69","1,249.56","1,252.04","1,210.10",1.16B,-2.68,-0.07460629953258954,-0.06402812203814744
158,"2,429.21","2,446.48","2,451.19","2,384.14",2.49B,0.57,20181017,"1,231.86","1,231.00","1,237.77","1,204.08",1.55B,1.25,-0.019082771989724315,0.002569128725886106
159,"2,369.07","2,416.37","2,416.37","2,367.71",2.28B,-2.48,20181018,"1,205.03","1,220.29","1,230.13","1,205.03",1.41B,-2.18,-0.09045811287318656,-0.11029350185241377
160,"2,446.32","2,353.84","2,451.76","2,344.98",3.14B,3.26,20181019,"1,249.89","1,186.49","1,252.69","1,184.91",1.62B,3.72,-0.06225425189503037,0.03887604113618477
161,"2,540.15","2,463.49","2,566.63","2,463.49",4.63B,3.84,20181022,"1,314.94","1,270.50","1,329.55","1,270.49",2.23B,5.2,0.0316221317090502,0.12518275863723755
162,"2,464.81","2,539.65","2,544.30","2,451.67",3.54B,-2.97,20181023,"1,292.06","1,313.68","1,321.97","1,281.11",1.70B,-1.74,-0.033647489140928515,-0.07025216416562721
163,"2,477.49","2,459.32","2,530.77","2,459.21",3.70B,0.51,20181024,"1,284.10","1,285.86","1,303.23","1,277.59",1.41B,-0.62,-0.01187443081038842,-0.027928677698764767
164,"2,485.10","2,419.11","2,486.76","2,415.49",3.11B,0.31,20181025,"1,273.60","1,245.30","1,279.94","1,239.59",1.37B,-0.82,-0.02544899046162524,-0.00863414710357748
165,"2,468.91","2,487.00","2,499.76","2,445.83",2.88B,-0.65,20181026,"1,263.19","1,283.07","1,290.57","1,257.50",1.27B,-0.82,-0.02191239235489717,0.013357468413517707
166,"2,389.58","2,461.92","2,465.37","2,377.99",2.87B,-3.21,20181029,"1,250.48","1,262.54","1,271.35","1,245.15",1.22B,-1.01,-0.10463217770338283,-0.035397528251740494
167,"2,415.65","2,380.47","2,449.29","2,378.82",3.25B,1.09,20181030,"1,259.95","1,248.67","1,279.04","1,222.62",1.56B,0.76,-0.009113458010956069,0.05900044401503603
168,"2,451.12","2,424.16","2,460.84","2,413.34",3.45B,1.47,20181031,"1,275.57","1,263.34","1,287.35","1,259.66",1.28B,1.24,0.03489665358557259,0.04468514712183255
169,"2,460.16","2,474.27","2,500.12","2,455.73",3.77B,0.37,20181101,"1,286.33","1,291.88","1,312.77","1,286.33",1.84B,0.84,0.00941308776492646,0.013772404555349694
170,"2,542.77","2,522.39","2,544.19","2,489.07",4.73B,3.36,20181102,"1,348.28","1,328.46","1,349.43","1,320.74",2.27B,4.82,-0.005771446333049519,0.09655216485083064
171,"2,511.59","2,520.88","2,524.65","2,489.59",2.83B,-1.23,20181105,"1,348.88","1,347.47","1,371.43","1,325.02",2.09B,0.04,0.058706586834059736,0.06771410299350772
172,"2,499.68","2,507.36","2,509.64","2,478.38",2.21B,-0.47,20181106,"1,349.11","1,346.53","1,350.82","1,327.40",1.45B,0.02,0.06043902866173655,-0.05282484620868385
173,"2,482.33","2,503.68","2,521.15","2,479.25",2.62B,-0.69,20181107,"1,345.77","1,349.62","1,367.27","1,345.20",1.55B,-0.25,0.05047998623135015,0.011075319633441792
174,"2,486.00","2,507.59","2,511.00","2,480.33",2.03B,0.15,20181108,"1,329.59","1,357.89","1,359.29","1,328.99",1.32B,-1.2,0.05516744298500305,0.01875163825733351
175,"2,434.21","2,469.89","2,469.89","2,434.08",2.80B,-2.08,20181109,"1,322.83","1,321.33","1,337.39","1,318.21",1.13B,-0.51,0.043077815684712834,0.019374042470081492
176,"2,444.97","2,426.83","2,447.46","2,419.97",2.29B,0.44,20181112,"1,368.79","1,322.87","1,370.87","1,320.52",1.81B,3.47,0.11624260216554913,0.0681290391353397
177,"2,462.97","2,415.30","2,474.82","2,413.78",2.77B,0.74,20181113,"1,392.05","1,356.62","1,400.87","1,353.63",2.41B,1.7,0.08677176590579083,0.04924944468198439
178,"2,429.99","2,462.18","2,462.18","2,425.97",2.70B,-1.34,20181114,"1,385.73","1,388.23","1,401.43","1,382.79",1.78B,-0.45,0.08205331021261418,0.014187340697181682
179,"2,459.14","2,430.19","2,459.43","2,427.07",2.47B,1.2,20181115,"1,405.25","1,382.34","1,405.39","1,381.29",1.72B,1.41,0.09402545786339496,0.04302540255450461
180,"2,461.44","2,458.48","2,482.44","2,443.12",3.15B,0.09,20181116,"1,403.28","1,406.73","1,415.38","1,390.81",1.86B,-0.14,0.11195999680456607,0.02144872317924141
181,"2,492.08","2,466.43","2,492.08","2,461.80",2.97B,1.24,20181119,"1,394.40","1,399.00","1,403.94","1,380.60",1.57B,-0.63,0.08449715083755586,0.015432149122677631
182,"2,446.79","2,475.23","2,484.01","2,441.85",2.69B,-1.82,20181120,"1,355.33","1,384.18","1,385.96","1,352.73",1.59B,-2.8,0.008245060251970781,-0.08456746105883069
183,"2,451.27","2,425.72","2,454.46","2,425.23",2.19B,0.18,20181121,"1,363.03","1,344.40","1,364.76","1,342.16",1.39B,0.57,0.041428280699727975,-0.013613380805561298
184,"2,437.64","2,455.77","2,456.91","2,426.12",1.64B,-0.56,20181122,"1,353.92","1,365.48","1,371.39","1,349.99",1.13B,-0.67,0.02105923986516481,-0.00863414710357748
185,"2,399.20","2,433.53","2,441.32","2,398.73",2.12B,-1.58,20181123,"1,308.74","1,355.17","1,355.17","1,306.56",1.60B,-3.34,-0.08334674108076806,-0.10635160850500988
186,"2,401.90","2,409.47","2,423.46","2,393.98",1.62B,0.11,20181126,"1,304.56","1,309.47","1,316.47","1,296.03",1.01B,-0.32,-0.0249769493749643,-0.05033522935769195
187,"2,394.29","2,407.23","2,416.44","2,387.93",1.50B,-0.32,20181127,"1,315.43","1,314.09","1,322.41","1,307.20",1.11B,0.83,0.00998535930119979,-0.0013727646215177484
188,"2,421.13","2,396.30","2,426.66","2,394.25",1.71B,1.12,20181128,"1,341.08","1,314.53","1,341.51","1,305.02",1.52B,1.95,0.007150390408358502,-0.007181870607165535
189,"2,401.85","2,437.92","2,441.42","2,401.85",1.98B,-0.8,20181129,"1,312.72","1,347.74","1,351.98","1,312.72",1.40B,-2.11,-0.05162855961850628,-0.05386218656326382
190,"2,428.04","2,403.23","2,430.65","2,402.54",1.93B,1.09,20181130,"1,329.39","1,309.89","1,332.93","1,304.66",1.15B,1.27,-0.06969021329963679,-0.0011652965506017555
191,"2,488.06","2,492.43","2,500.57","2,467.94",3.54B,2.47,20181203,"1,372.79","1,365.90","1,380.82","1,358.10",1.98B,3.26,0.04962694564071622,0.07746510232655934
192,"2,496.14","2,488.58","2,496.81","2,476.91",2.38B,0.32,20181204,"1,378.75","1,370.29","1,378.99","1,366.49",1.35B,0.43,0.03145469953638478,-0.02606146506052084
193,"2,481.79","2,467.56","2,492.32","2,465.25",2.05B,-0.57,20181205,"1,381.77","1,359.27","1,391.03","1,355.70",1.57B,0.22,-0.018411947742658773,-0.05303231427959984
194,"2,434.49","2,453.56","2,460.23","2,431.86",2.17B,-1.91,20181206,"1,345.76","1,371.34","1,376.32","1,342.81",1.48B,-2.61,-0.0556379525869362,-0.08394505684608271
195,"2,430.72","2,441.38","2,444.98","2,427.89",1.45B,-0.15,20181207,"1,341.02","1,344.13","1,349.26","1,334.39",1.15B,-0.35,-0.02781199767417661,-0.05614433534333973
196,"2,408.61","2,410.17","2,425.74","2,399.32",1.76B,-0.91,20181210,"1,326.85","1,328.06","1,340.16","1,325.91",1.15B,-1.06,-0.11663594708476673,-0.060293696761659576
197,"2,415.58","2,408.92","2,420.52","2,405.87",1.29B,0.29,20181211,"1,338.08","1,332.52","1,339.02","1,328.44",1.01B,0.85,0.0018437548109812392,0.0598303162987
198,"2,423.32","2,437.61","2,437.61","2,414.33",1.42B,0.32,20181212,"1,338.73","1,343.90","1,347.74","1,335.35",974.56M,0.05,-0.0441626773249314,-0.042658910733800216
199,"2,457.90","2,429.39","2,469.70","2,423.57",2.81B,1.43,20181213,"1,348.50","1,341.55","1,357.02","1,327.02",1.24B,0.73,0.01916133617698413,-0.005522126039837597
200,"2,423.38","2,446.81","2,448.80","2,423.09",2.59B,-1.4,20181214,"1,310.46","1,346.90","1,346.90","1,309.44",1.28B,-2.82,-0.07353356901367476,-0.030625762620672674
201,"2,425.94","2,420.58","2,430.89","2,409.01",2.12B,0.11,20181217,"1,299.17","1,303.88","1,306.95","1,284.66",1.09B,-0.86,-0.000806234648054238,0.018959106328249504
202,"2,397.87","2,409.58","2,427.68","2,388.98",2.07B,-1.16,20181218,"1,293.34","1,293.15","1,307.90","1,282.96",1.03B,-0.45,-0.06358952572700333,-0.03498259210990851
203,"2,369.55","2,401.91","2,403.89","2,366.40",1.87B,-1.18,20181219,"1,268.81","1,295.89","1,296.86","1,265.75",952.09M,-1.9,-0.047895874469536484,-0.009878955529073436
204,"2,334.92","2,363.00","2,372.37","2,319.10",2.69B,-1.46,20181220,"1,278.16","1,266.76","1,282.11","1,265.88",951.74M,0.74,-0.03838006949481721,-0.0015802326924337408
205,"2,306.15","2,325.98","2,327.44","2,288.40",2.48B,-1.23,20181221,"1,270.30","1,274.04","1,279.50","1,259.81",1.01B,-0.61,-0.03288075947822429,-0.02896601805334473
206,"2,309.23","2,293.75","2,311.73","2,286.99",1.83B,0.13,20181224,"1,284.33","1,267.23","1,285.69","1,263.57",908.17M,1.1,0.05470002310109192,0.020411382824661446
207,"2,297.33","2,285.66","2,308.61","2,256.47",2.40B,-0.52,20181225,"1,273.45","1,269.14","1,279.70","1,243.97",1.42B,-0.85,-0.0024046811107196245,0.02808770144855317
208,"2,281.56","2,293.29","2,303.20","2,278.29",1.58B,-0.69,20181226,"1,264.07","1,272.24","1,280.36","1,262.34",1.14B,-0.74,0.008407990364035223,-0.008011742890829504
209,"2,276.06","2,310.81","2,313.05","2,275.04",2.68B,-0.24,20181227,"1,248.08","1,283.17","1,285.52","1,246.79",1.36B,-1.26,-0.022062210183239103,-0.06983722802379523
210,"2,293.10","2,279.70","2,305.91","2,278.25",2.43B,0.75,20181228,"1,250.53","1,248.06","1,253.84","1,236.28",1.31B,0.2,0.004048416902705747,-0.02751374155693279
211,"2,262.79","2,298.18","2,301.06","2,252.75",2.09B,-1.32,20190102,"1,228.77","1,250.62","1,251.23","1,226.87",1.12B,-1.74,0.009393426206111805,0.019374042470081492
212,"2,269.24","2,259.48","2,287.78","2,253.94",1.89B,0.29,20190103,"1,214.50","1,226.74","1,240.29","1,213.87",1.25B,-1.16,-0.02532617615025352,-0.013405912734645305
213,"2,314.65","2,252.74","2,316.35","2,249.37",2.59B,2.0,20190104,"1,245.16","1,203.67","1,246.39","1,201.80",1.60B,2.52,0.023473222438470318,0.04530755133458053
214,"2,314.32","2,329.03","2,331.60","2,306.90",2.53B,-0.01,20190107,"1,268.06","1,250.40","1,270.36","1,244.82",1.54B,1.84,0.0666663702308525,0.06729916685167572
215,"2,305.17","2,312.17","2,312.17","2,298.95",1.81B,-0.4,20190108,"1,263.51","1,262.20","1,270.43","1,258.57",1.28B,-0.36,0.032151396848518594,0.0007019160876421747
216,"2,332.72","2,320.91","2,360.36","2,318.44",2.87B,1.2,20190109,"1,262.52","1,263.73","1,285.31","1,258.62",1.52B,-0.08,0.03900979279192604,0.04219553027084064
217,"2,331.85","2,333.22","2,345.33","2,321.30",2.23B,-0.04,20190110,"1,258.99","1,262.10","1,270.66","1,255.74",1.26B,-0.28,0.03786784095773189,0.008585702782449885
218,"2,354.50","2,342.02","2,360.06","2,334.91",1.84B,0.97,20190111,"1,261.56","1,260.00","1,266.67","1,252.30",1.20B,0.2,0.06353232002449215,0.024353276172065303
219,"2,331.14","2,350.26","2,354.31","2,330.00",1.65B,-0.99,20190114,"1,246.00","1,263.02","1,264.04","1,243.53",1.13B,-1.23,-0.004811559803308783,-0.036849804748152436
220,"2,378.37","2,337.70","2,380.60","2,332.41",2.25B,2.03,20190115,"1,266.27","1,243.93","1,267.65","1,238.59",1.38B,1.63,0.06303827145674386,-0.032078039117084615
221,"2,381.22","2,375.17","2,385.22","2,366.34",1.81B,0.12,20190116,"1,267.30","1,267.14","1,277.27","1,262.27",1.30B,0.08,0.029048424357539307,0.00111685222947416
222,"2,371.35","2,388.59","2,396.80","2,370.58",2.16B,-0.41,20190117,"1,251.41","1,267.82","1,267.82","1,251.15",1.20B,-1.25,0.02835204935915993,0.027050361093973203
223,"2,417.36","2,385.62","2,422.03","2,380.56",3.01B,1.94,20190118,"1,269.50","1,255.60","1,270.00","1,248.85",1.28B,1.45,-0.003243262041621276,0.00111685222947416
224,"2,432.49","2,418.00","2,443.23","2,418.00",2.62B,0.63,20190121,"1,274.79","1,271.39","1,283.14","1,266.80",1.31B,0.42,0.03214934276950883,0.0135649364844337
225,"2,401.23","2,430.43","2,430.43","2,394.18",1.94B,-1.29,20190122,"1,252.24","1,273.47","1,273.47","1,247.45",1.20B,-1.77,-0.0068096588957259506,0.012942532271685724
226,"2,397.05","2,397.41","2,414.02","2,392.64",1.63B,-0.17,20190123,"1,251.13","1,250.83","1,255.41","1,244.94",951.97M,-0.09,0.05246191675257151,0.03202959479595702
227,"2,411.56","2,401.38","2,414.89","2,385.10",2.04B,0.61,20190124,"1,265.16","1,252.38","1,272.49","1,248.06",1.39B,1.12,0.062423833760407776,-0.013405912734645305
228,"2,441.64","2,419.26","2,453.67","2,418.01",2.57B,1.25,20190125,"1,265.49","1,266.63","1,276.99","1,261.41",1.44B,0.03,0.004353897217233719,-0.03871701738639638
229,"2,437.03","2,455.28","2,473.12","2,429.88",2.35B,-0.19,20190128,"1,259.74","1,272.37","1,279.82","1,257.53",1.34B,-0.45,-0.06000619228779061,-0.06299078168356748
230,"2,455.90","2,433.31","2,461.52","2,423.46",2.19B,0.77,20190129,"1,243.59","1,259.80","1,259.80","1,229.48",1.41B,-1.28,-0.07233137710476414,-0.04390371915929618
231,"2,440.01","2,445.86","2,462.61","2,439.33",1.78B,-0.65,20190130,"1,230.82","1,238.28","1,248.96","1,230.82",1.25B,-1.03,-0.13492724022710564,-0.07668367436402297
232,"2,483.47","2,454.64","2,487.10","2,450.18",2.67B,1.78,20190131,"1,227.99","1,231.00","1,243.59","1,220.95",1.52B,-0.23,-0.09574573747134207,-0.08830188633531855
233,"2,499.64","2,502.10","2,503.55","2,479.34",2.20B,0.65,20190201,"1,271.27","1,233.38","1,272.19","1,233.38",1.57B,3.52,-0.0057707270576906975,0.058170571731372064
234,"2,527.47","2,485.50","2,528.38","2,484.65",2.52B,1.11,20190211,"1,316.10","1,275.22","1,319.18","1,274.73",1.72B,3.53,0.07404103837180745,0.10153139855281444
235,"2,533.18","2,528.10","2,537.29","2,515.03",2.55B,0.23,20190212,"1,332.27","1,316.91","1,336.14","1,314.91",1.74B,1.23,0.0540485068518649,0.04489261519274855
236,"2,580.61","2,538.42","2,587.88","2,528.23",3.98B,1.87,20190213,"1,357.67","1,335.16","1,362.64","1,333.11",2.31B,1.91,0.07868727201806736,0.033481871292368966
237,"2,576.31","2,572.64","2,585.51","2,564.87",2.77B,-0.17,20190214,"1,361.94","1,357.78","1,369.78","1,349.47",1.82B,0.31,0.059246205065413275,0.02518314845572928
238,"2,517.46","2,566.34","2,568.79","2,515.89",3.03B,-2.28,20190215,"1,357.84","1,360.76","1,371.96","1,355.78",1.92B,-0.3,0.037033319365757635,0.02020391475374546
239,"2,582.85","2,540.53","2,583.40","2,540.30",3.74B,2.6,20190218,"1,413.60","1,364.94","1,413.77","1,364.94",2.46B,4.11,0.09413433564425833,0.10132393048189846
240,"2,579.05","2,586.86","2,614.36","2,568.18",3.79B,-0.15,20190219,"1,406.04","1,419.04","1,427.14","1,391.57",2.66B,-0.53,0.08366373760051547,0.038253636923436786
241,"2,588.17","2,593.79","2,599.55","2,569.98",3.00B,0.35,20190220,"1,408.38","1,406.99","1,417.89","1,387.90",1.89B,0.17,0.038750804140147116,0.0002869799458101897
242,"2,577.23","2,586.74","2,615.47","2,569.48",3.53B,-0.42,20190221,"1,412.54","1,405.52","1,452.39","1,401.77",2.86B,0.3,0.037995374583397634,0.024560744242981297
243,"2,623.07","2,576.00","2,623.09","2,555.73",4.14B,1.78,20190222,"1,456.30","1,409.86","1,456.30","1,407.29",2.82B,3.1,0.06093482334524181,0.056510827164044125
244,"2,787.70","2,652.91","2,788.67","2,652.91",9.69B,6.28,20190225,"1,536.37","1,487.30","1,538.16","1,481.17",4.16B,5.5,0.08141938730303197,0.14987145907624067
245,"2,733.90","2,781.31","2,804.16","2,729.48",8.72B,-1.93,20190226,"1,546.99","1,549.24","1,581.83","1,532.44",4.75B,0.69,0.03655868571152589,-0.03643486860632045
246,"2,750.34","2,739.11","2,794.93","2,722.31",7.55B,0.6,20190227,"1,520.42","1,544.16","1,555.59","1,503.68",3.58B,-1.72,0.05751222392400994,-0.034152719826244536
247,"2,743.97","2,749.87","2,767.86","2,733.03",4.63B,-0.23,20190228,"1,535.68","1,522.63","1,549.33","1,519.76",2.88B,1.0,-0.00624491328573172,-0.05614433534333973
248,"2,819.47","2,764.95","2,819.47","2,747.21",5.61B,2.75,20190301,"1,567.87","1,558.90","1,568.32","1,532.45",2.87B,2.1,0.01887877376584253,0.06397967771701983
249,"2,832.59","2,839.40","2,907.82","2,816.98",9.22B,0.47,20190304,"1,619.71","1,596.55","1,651.01","1,593.26",4.45B,3.31,0.05495762683618198,0.12331554599899365
250,"2,828.87","2,829.50","2,835.11","2,807.12",6.03B,-0.13,20190305,"1,676.57","1,615.59","1,676.57","1,613.50",4.20B,3.51,0.10990557282868052,0.1110749298149501
251,"2,840.27","2,827.86","2,847.38","2,797.50",6.95B,0.4,20190306,"1,700.50","1,684.97","1,704.10","1,661.01",4.67B,1.43,0.10174112814757794,0.13202920497746534
252,"2,789.70","2,831.36","2,831.36","2,773.35",7.33B,-1.78,20190307,"1,692.42","1,699.60","1,719.15","1,666.37",4.65B,-0.48,0.0683068100560382,0.14323248080692896
253,"2,685.59","2,731.53","2,753.55","2,684.20",7.20B,-3.73,20190308,"1,654.49","1,647.85","1,718.38","1,635.45",5.29B,-2.24,-0.057256579017374326,-0.11340552291615362
254,"2,708.60","2,683.76","2,714.09","2,670.79",5.20B,0.86,20190311,"1,727.80","1,673.40","1,728.33","1,656.14",4.30B,4.43,0.09871658930582428,0.040120849561680716
255,"2,719.77","2,730.53","2,759.61","2,704.69",6.49B,0.41,20190312,"1,773.43","1,733.43","1,789.16","1,733.43",5.34B,2.64,0.10194613813839584,0.10713303646754624
256,"2,723.96","2,731.50","2,747.96","2,699.98",5.41B,0.15,20190313,"1,693.86","1,769.55","1,769.55","1,682.36",4.21B,-4.49,0.010715088463045686,-0.07253431294570313
257,"2,729.13","2,720.19","2,752.66","2,716.27",4.35B,0.19,20190314,"1,650.19","1,676.61","1,700.52","1,628.63",3.46B,-2.58,-0.02734080191619576,-0.12875816016393707
258,"2,755.81","2,736.00","2,783.51","2,735.86",4.41B,0.98,20190315,"1,662.62","1,667.78","1,685.08","1,642.70",2.69B,0.75,0.0209585248513553,0.018336702115501525
259,"2,825.18","2,763.23","2,827.26","2,749.20",6.16B,2.52,20190318,"1,707.06","1,671.28","1,707.06","1,652.88",2.71B,2.67,0.04733203419562218,0.0216561912501574
260,"2,806.90","2,830.24","2,842.45","2,797.72",4.35B,-0.65,20190319,"1,708.87","1,706.19","1,730.35","1,693.54",2.76B,0.11,0.05512239331602505,0.022693531604737364
261,"2,812.92","2,799.32","2,831.63","2,787.28",4.03B,0.21,20190320,"1,687.90","1,701.73","1,705.59","1,654.30",2.82B,-1.23,0.056149290104526864,0.035971488143360875
262,"2,802.96","2,816.45","2,822.63","2,799.83",4.36B,-0.35,20190321,"1,703.85","1,683.55","1,716.45","1,677.65",3.41B,0.94,0.009300886032709869,0.04219553027084064
263,"2,795.39","2,804.72","2,813.52","2,771.96",3.60B,-0.27,20190322,"1,693.87","1,703.97","1,703.97","1,660.33",2.62B,-0.59,0.057731667707318225,-0.009256551316325455
264,"2,718.18","2,757.81","2,765.84","2,717.29",5.21B,-2.76,20190325,"1,668.84","1,662.76","1,695.09","1,658.45",2.52B,-1.48,0.018400563298076763,-0.01299097659281332
265,"2,706.15","2,737.37","2,739.29","2,693.91",4.01B,-0.44,20190326,"1,630.19","1,680.78","1,684.36","1,627.23",2.63B,-2.32,-0.00026969671068024565,-0.07813595086043491
266,"2,741.59","2,721.14","2,751.72","2,714.09",3.35B,1.31,20190327,"1,637.77","1,640.21","1,645.56","1,616.60",2.10B,0.46,0.05989590639217739,0.0463448916891605
267,"2,733.97","2,728.04","2,742.70","2,709.39",3.18B,-0.28,20190328,"1,626.82","1,632.04","1,659.94","1,624.01",1.99B,-0.67,-0.007187759166149735,-0.06900735574013125
268,"2,838.51","2,747.54","2,845.23","2,746.11",5.97B,3.82,20190329,"1,693.55","1,633.38","1,693.55","1,628.74",2.67B,4.1,0.054170074040910766,0.011905191917105762
269,"2,892.62","2,860.14","2,906.15","2,860.14",7.79B,1.91,20190401,"1,760.89","1,710.16","1,766.37","1,710.16",3.30B,3.98,0.09176800303060716,0.0843115486667871
270,"2,888.53","2,900.63","2,903.87","2,878.39",6.12B,-0.14,20190402,"1,754.16","1,771.69","1,774.98","1,747.44",3.42B,-0.38,0.039311840727819215,0.04261046641267263
271,"2,920.00","2,869.85","2,923.92","2,865.30",6.47B,1.09,20190403,"1,768.18","1,743.99","1,769.76","1,739.14",2.91B,0.8,0.05725033082416697,0.042402998341756634
272,"2,951.98","2,927.10","2,959.59","2,921.20",7.30B,1.1,20190404,"1,777.26","1,780.28","1,784.47","1,761.05",3.02B,0.51,0.05800766788705996,0.04489261519274855
273,"2,962.27","2,978.50","3,007.83","2,938.65",7.45B,0.35,20190408,"1,739.66","1,787.96","1,792.03","1,720.00",3.21B,-2.12,0.04559319897109824,0.01646948947725759
274,"2,967.51","2,968.08","2,980.12","2,948.31",5.08B,0.18,20190409,"1,741.17","1,734.18","1,753.52","1,721.32",2.52B,0.09,0.02906141710192962,-0.040791698095556286
275,"2,979.10","2,957.27","2,996.41","2,941.35",4.87B,0.39,20190410,"1,726.64","1,727.97","1,740.85","1,714.64",3.02B,-0.83,0.047695044098759465,0.013357468413517707
276,"2,928.43","2,982.39","3,000.10","2,920.19",4.28B,-1.7,20190411,"1,691.10","1,727.22","1,732.61","1,688.10",2.51B,-2.06,-0.01729397163094939,-0.04909042093219599
277,"2,920.52","2,920.55","2,933.45","2,903.27",3.25B,-0.27,20190412,"1,695.73","1,692.43","1,702.35","1,683.29",1.95B,0.27,0.00902475020956509,-0.07294924908753511
278,"2,924.93","2,973.02","2,999.33","2,924.60",5.84B,0.15,20190415,"1,666.90","1,721.64","1,726.20","1,666.65",2.26B,-1.7,-0.008055326763875414,-0.028136145769680758
279,"3,023.03","2,914.99","3,023.03","2,909.66",7.08B,3.35,20190416,"1,697.53","1,656.76","1,697.53","1,638.30",2.53B,1.84,0.05860357007047999,0.03866857306526877
280,"3,017.42","3,017.39","3,035.41","2,996.76",5.00B,-0.19,20190417,"1,717.44","1,699.19","1,729.21","1,697.97",2.78B,1.17,0.09116494196396104,0.060452720511447976
281,"3,004.92","3,014.91","3,019.54","2,993.27",3.97B,-0.41,20190418,"1,704.55","1,715.18","1,719.96","1,702.93",2.17B,-0.75,0.05719702202487209,0.0058886178605419845
282,"3,042.43","3,013.67","3,043.93","2,989.55",3.99B,1.25,20190419,"1,715.80","1,704.72","1,715.80","1,692.49",2.26B,0.66,0.048414398581209016,0.02144872317924141
283,"2,970.49","3,047.43","3,048.82","2,962.36",5.68B,-2.36,20190422,"1,697.51","1,720.78","1,723.56","1,690.64",2.39B,-1.07,-0.0053832096647420434,-0.0040698495434256495
284,"2,978.85","2,968.00","3,007.35","2,964.98",4.11B,0.28,20190423,"1,683.80","1,695.27","1,706.08","1,677.73",2.04B,-0.81,-0.013593446883210457,-0.09992009830661414
285,"2,974.85","2,989.96","3,001.53","2,933.53",3.54B,-0.13,20190424,"1,718.85","1,690.28","1,721.42","1,676.64",2.28B,2.08,0.0196919631972098,-0.01299097659281332
286,"2,927.99","2,962.74","2,973.22","2,924.02",3.89B,-1.58,20190425,"1,669.98","1,709.83","1,723.66","1,669.24",2.52B,-2.84,-0.06802257654306673,-0.08187037613692279
287,"2,892.86","2,913.77","2,930.21","2,892.53",3.66B,-1.2,20190426,"1,657.82","1,664.04","1,682.46","1,653.69",2.19B,-0.73,-0.03779848593490919,-0.0075968067489975205
288,"2,939.41","2,906.47","2,968.16","2,899.83",3.92B,1.61,20190429,"1,615.62","1,658.19","1,661.06","1,611.22",2.49B,-2.55,-0.13600486708861395,-0.13166271315676095
289,"2,945.24","2,935.24","2,955.88","2,919.49",3.21B,0.2,20190430,"1,623.78","1,612.11","1,634.71","1,608.72",1.79B,0.51,-0.05988592995937912,-0.003447445330677673
290,"2,805.04","2,853.88","2,867.60","2,768.80",6.24B,-4.76,20190506,"1,494.89","1,551.72","1,563.61","1,487.45",2.51B,-7.94,-0.16699500235921486,-0.12875816016393707
291,"2,806.26","2,814.47","2,833.20","2,777.73",3.54B,0.04,20190507,"1,504.16","1,506.97","1,523.66","1,474.50",1.99B,0.62,-0.05305353922644942,0.07269333669549152
292,"2,758.24","2,753.61","2,796.47","2,750.93",3.04B,-1.71,20190508,"1,481.87","1,469.24","1,515.16","1,465.09",1.67B,-1.48,-0.04324936391163759,-0.055314463059675766
293,"2,698.78","2,740.35","2,748.01","2,686.47",3.08B,-2.16,20190509,"1,469.48","1,470.98","1,491.38","1,466.97",1.48B,-0.84,-0.0485231533773329,-0.027928677698764767
294,"2,793.76","2,731.58","2,798.87","2,698.81",3.95B,3.52,20190510,"1,533.87","1,489.19","1,535.16","1,463.19",2.28B,4.38,-0.01412145542193446,0.09592976063808266
295,"2,741.11","2,751.76","2,767.48","2,736.84",2.66B,-1.88,20190513,"1,503.06","1,513.96","1,523.88","1,494.48",1.54B,-2.01,-0.0036307811792498494,-0.00863414710357748
296,"2,724.73","2,716.73","2,754.69","2,716.73",2.62B,-0.6,20190514,"1,494.60","1,492.90","1,517.67","1,491.44",1.48B,-0.56,-0.01112696122403033,-0.010293891670905421
297,"2,783.54","2,743.78","2,797.15","2,743.78",3.07B,2.16,20190515,"1,528.69","1,509.45","1,533.73","1,503.67",1.62B,2.28,0.03016846461572785,0.06771410299350772
298,"2,791.41","2,777.85","2,793.76","2,766.15",2.89B,0.28,20190516,"1,533.67","1,528.63","1,537.59","1,515.61",1.57B,0.33,0.028387871309758363,-0.00863414710357748
299,"2,735.21","2,792.08","2,792.51","2,728.93",3.01B,-2.01,20190517,"1,478.75","1,537.45","1,537.45","1,472.46",1.93B,-3.58,-0.021735935218746796,-0.08166290806600679
300,"2,715.43","2,726.07","2,746.66","2,697.61",3.12B,-0.72,20190520,"1,469.31","1,478.20","1,481.19","1,450.28",1.66B,-0.64,0.02904224813096662,-0.005937062181669579
301,"2,739.79","2,717.87","2,764.48","2,712.04",2.70B,0.9,20190521,"1,493.72","1,469.97","1,504.21","1,465.88",1.51B,1.66,0.058374233284467884,0.04510008326366454
302,"2,725.73","2,739.11","2,745.86","2,714.65",2.32B,-0.51,20190522,"1,488.63","1,493.66","1,503.81","1,477.46",1.48B,-0.34,0.013272390693837129,-0.014235785018309275
303,"2,685.93","2,710.57","2,713.94","2,679.54",2.78B,-1.46,20190523,"1,451.24","1,486.95","1,486.95","1,449.14",1.61B,-2.51,-0.04608918790978957,-0.04826054864853202
304,"2,702.03","2,693.88","2,722.34","2,692.53",2.12B,0.6,20190524,"1,443.75","1,452.04","1,465.24","1,437.93",1.49B,-0.52,-0.02352091723736813,-0.08456746105883069
305,"2,722.33","2,696.26","2,731.30","2,667.38",2.72B,0.75,20190527,"1,491.95","1,447.98","1,496.79","1,445.79",1.83B,3.34,0.02079334551007081,0.07227840055365954
306,"2,748.80","2,719.06","2,759.78","2,716.31",3.47B,0.97,20190528,"1,505.16","1,497.12","1,506.78","1,483.76",1.60B,0.89,0.02183659579493376,0.039705913419848735
307,"2,755.81","2,728.44","2,780.31","2,724.85",2.49B,0.26,20190529,"1,497.89","1,492.58","1,507.18","1,488.04",1.26B,-0.48,0.02496782741265392,0.07788003846839134
308,"2,742.96","2,748.43","2,752.69","2,721.88",2.44B,-0.47,20190530,"1,485.24","1,494.35","1,495.24","1,466.83",1.35B,-0.84,0.013317052342405659,-0.020252359074873053
309,"2,728.95","2,740.30","2,762.39","2,728.95",2.22B,-0.51,20190531,"1,483.66","1,487.28","1,498.24","1,474.53",1.27B,-0.11,0.019791080702606538,0.028917573732217136
310,"2,743.06","2,737.81","2,762.08","2,723.93",2.71B,0.52,20190603,"1,468.98","1,489.43","1,499.01","1,466.27",1.43B,-0.99,-0.036828877402163035,-0.06921482381104724
311,"2,721.31","2,744.70","2,746.51","2,713.80",2.23B,-0.79,20190604,"1,456.27","1,467.59","1,476.21","1,448.00",1.24B,-0.87,-0.057592669469880224,-0.055314463059675766
312,"2,719.59","2,741.94","2,747.23","2,717.93",2.58B,-0.06,20190605,"1,451.18","1,471.95","1,475.54","1,448.99",1.24B,-0.35,-0.010981413836975158,0.02912504180313313
313,"2,706.76","2,727.70","2,727.70","2,701.92",2.14B,-0.47,20190606,"1,416.06","1,450.10","1,450.10","1,411.61",1.33B,-2.42,-0.07458561569497593,-0.0870570779098226
314,"2,743.37","2,717.91","2,752.88","2,712.16",2.71B,1.35,20190610,"1,431.34","1,422.34","1,441.17","1,410.57",1.23B,1.08,-0.0076059540412833455,0.0434403386963366
315,"2,812.90","2,750.54","2,816.99","2,750.54",4.09B,2.53,20190611,"1,487.35","1,432.95","1,488.93","1,430.09",1.93B,3.91,0.07158560599718404,0.11169733402769808
316,"2,796.73","2,802.53","2,805.01","2,790.18",2.64B,-0.57,20190612,"1,473.90","1,481.42","1,486.60","1,467.54",1.46B,-0.9,0.009799377337967196,0.02144872317924141
317,"2,794.54","2,798.02","2,804.76","2,771.86",2.35B,-0.08,20190613,"1,479.83","1,474.55","1,485.72","1,464.84",1.46B,0.4,0.033468814136203666,-0.02460918856410889
318,"2,785.61","2,798.40","2,816.18","2,781.72",2.61B,-0.32,20190614,"1,453.96","1,478.53","1,489.47","1,451.66",1.60B,-1.75,-0.02105268544888537,-0.08892429054806653
319,"2,793.70","2,785.47","2,813.45","2,785.47",2.05B,0.29,20190617,"1,442.35","1,450.56","1,459.21","1,437.14",996.88M,-0.8,-0.03031225640680712,-0.008011742890829504
320,"2,806.45","2,800.83","2,809.87","2,785.38",2.17B,0.46,20190618,"1,455.75","1,443.65","1,460.19","1,437.04",907.55M,0.93,-0.011951297172227052,0.00734089435695393
321,"2,842.74","2,872.07","2,879.23","2,842.42",4.12B,1.29,20190619,"1,469.99","1,501.25","1,504.41","1,469.59",1.69B,0.98,0.0002158084230281817,0.09032812272335086
322,"2,942.63","2,847.32","2,954.03","2,846.44",5.74B,3.51,20190620,"1,498.01","1,469.81","1,507.62","1,463.82",1.86B,1.91,0.05555190807322341,0.0048512775059620225
323,"2,938.77","2,939.65","2,958.23","2,929.90",4.66B,-0.13,20190621,"1,523.81","1,531.39","1,534.49","1,515.91",2.28B,1.72,0.04968192103704841,0.08202939988671118
324,"2,949.52","2,942.51","2,958.02","2,931.67",2.90B,0.37,20190624,"1,514.46","1,526.70","1,526.70","1,507.69",1.53B,-0.61,0.0035608820404836165,-0.028136145769680758
325,"2,910.12","2,946.02","2,946.71","2,875.37",3.82B,-1.34,20190625,"1,498.47","1,512.93","1,512.93","1,480.27",1.43B,-1.06,-0.03783454419344761,-0.07938075928593087
326,"2,903.49","2,896.76","2,915.24","2,891.00",2.40B,-0.23,20190626,"1,504.55","1,490.56","1,511.53","1,487.75",1.21B,0.41,-0.03876885370069861,-0.033945251755328545
327,"2,937.13","2,917.20","2,952.91","2,914.96",3.35B,1.16,20190627,"1,525.24","1,510.09","1,529.72","1,507.97",1.49B,1.38,-0.027337519419950787,0.014394808768097673
328,"2,930.60","2,932.69","2,937.29","2,911.67",2.37B,-0.22,20190628,"1,511.51","1,523.79","1,523.79","1,501.63",1.20B,-0.9,-0.05375316833776706,-0.036849804748152436
329,"3,002.94","2,984.65","3,011.91","2,978.75",4.26B,2.47,20190701,"1,568.16","1,545.06","1,568.40","1,534.56",2.10B,3.75,0.05230632885420285,0.09095052693609884
330,"2,999.08","3,000.78","3,003.88","2,988.47",3.46B,-0.13,20190702,"1,570.51","1,565.99","1,577.03","1,560.60",1.53B,0.15,-0.06113499264006629,-0.07730607857677094
331,"2,964.73","2,990.05","2,990.05","2,953.70",3.39B,-1.15,20190703,"1,544.36","1,566.30","1,566.30","1,538.37",1.38B,-1.67,-0.06580685583512066,-0.045978399868456095
332,"2,953.27","2,966.33","2,974.80","2,939.97",3.29B,-0.39,20190704,"1,532.74","1,548.56","1,551.14","1,525.29",1.28B,-0.75,-0.08969931128461484,-0.01734780608204916
333,"2,961.92","2,952.71","2,967.98","2,937.60",2.38B,0.29,20190705,"1,547.74","1,535.48","1,551.94","1,532.86",1.10B,0.98,-0.01818473728692792,-0.021289699429453017
334,"2,897.51","2,944.97","2,944.97","2,877.74",3.37B,-2.17,20190708,"1,506.66","1,547.60","1,547.60","1,495.23",1.53B,-2.65,-0.12627838009184558,-0.04846801671944801
335,"2,881.55","2,894.33","2,902.14","2,872.03",2.14B,-0.55,20190709,"1,517.79","1,507.39","1,521.71","1,501.74",1.12B,0.74,-0.035657176662386755,-0.020252359074873053
336,"2,878.78","2,896.70","2,897.58","2,870.67",1.89B,-0.1,20190710,"1,510.43","1,521.95","1,523.81","1,504.66",1.01B,-0.48,-0.05137415366965546,-0.03975435774097633
337,"2,887.83","2,897.47","2,918.94","2,879.64",2.12B,0.31,20190711,"1,514.20","1,522.81","1,531.64","1,507.70",1.07B,0.25,-0.022992210593161755,7.951187489419831e-05
338,"2,902.13","2,883.09","2,912.90","2,878.20",2.15B,0.5,20190712,"1,518.07","1,517.04","1,525.69","1,506.70",1.16B,0.26,-0.007525623793275877,-0.018177678365713133
339,"2,902.61","2,885.98","2,920.16","2,850.10",2.82B,0.02,20190715,"1,547.47","1,512.77","1,556.05","1,496.81",1.94B,1.94,0.013013626955431474,0.040120849561680716
340,"2,884.56","2,900.05","2,905.11","2,881.40",1.74B,-0.62,20190716,"1,545.27","1,545.34","1,551.99","1,538.62",1.30B,-0.14,0.023812126665434568,0.04655235976007648
341,"2,875.03","2,877.49","2,892.34","2,866.47",1.81B,-0.33,20190717,"1,550.22","1,544.42","1,563.05","1,541.37",1.42B,0.32,0.01692873138249789,-0.016932869940217178
342,"2,859.16","2,869.73","2,872.24","2,859.07",1.95B,-0.55,20190718,"1,524.48","1,542.43","1,542.66","1,524.48",1.28B,-1.66,-0.04607337432321633,-0.032078039117084615
343,"2,895.62","2,875.96","2,906.55","2,875.90",2.25B,1.28,20190719,"1,541.98","1,532.38","1,552.74","1,532.38",1.22B,1.15,0.0051003840482624924,-0.031040698762504662
344,"2,881.90","2,897.79","2,905.35","2,872.53",2.36B,-0.47,20190722,"1,515.97","1,545.91","1,545.93","1,511.52",1.33B,-1.69,-0.02109655326129551,-0.060501164832575574
345,"2,881.10","2,885.70","2,889.39","2,871.51",2.04B,-0.03,20190723,"1,534.93","1,519.63","1,535.04","1,516.86",1.10B,1.25,0.011780942106245923,-0.057181675697919675
346,"2,906.55","2,894.94","2,923.40","2,894.59",2.60B,0.88,20190724,"1,553.72","1,539.23","1,562.13","1,538.67",1.55B,1.22,0.04301495421915608,0.05671829523496012
347,"2,931.18","2,911.01","2,931.18","2,903.31",2.29B,0.85,20190725,"1,566.08","1,552.85","1,567.33","1,549.49",1.40B,0.8,0.00407616229838721,-0.0024101049760977093
348,"2,939.35","2,918.11","2,943.07","2,918.01",2.35B,0.28,20190726,"1,561.86","1,562.20","1,565.44","1,552.39",1.17B,-0.27,-0.04629281629669031,-0.04909042093219599
349,"2,930.49","2,936.64","2,938.73","2,922.68",2.24B,-0.3,20190729,"1,566.52","1,561.27","1,566.74","1,556.38",1.28B,0.3,-0.01524213856243176,0.021033787037409424
350,"2,944.03","2,939.14","2,958.30","2,938.90",2.27B,0.46,20190730,"1,580.13","1,568.16","1,593.69","1,566.60",1.61B,0.87,-0.002942035610141105,0.018959106328249504
351,"2,912.66","2,931.85","2,932.65","2,906.71",2.39B,-1.07,20190731,"1,570.39","1,577.20","1,578.75","1,567.99",1.17B,-0.62,-0.038836823557969705,7.951187489419831e-05
352,"2,887.87","2,901.15","2,909.47","2,880.30",2.43B,-0.85,20190801,"1,573.87","1,562.53","1,578.86","1,561.20",1.21B,0.22,-0.009187494006645484,0.07746510232655934
353,"2,843.77","2,837.37","2,852.12","2,831.66",2.99B,-1.53,20190802,"1,556.74","1,539.92","1,559.12","1,536.40",1.54B,-1.09,-0.055657988669929694,0.003813937151382061
354,"2,786.72","2,823.35","2,828.48","2,785.90",2.84B,-2.01,20190805,"1,531.37","1,552.35","1,566.73","1,531.37",1.52B,-1.63,-0.04899119110720717,0.02124125510832541
355,"2,760.68","2,736.68","2,771.79","2,718.21",3.69B,-0.93,20190806,"1,507.91","1,501.40","1,517.68","1,478.54",1.82B,-1.53,-0.05123737108199694,-0.015065657301973246
356,"2,747.25","2,771.24","2,773.94","2,747.25",2.46B,-0.49,20190807,"1,500.25","1,520.58","1,523.62","1,500.07",1.23B,-0.51,-0.028159099795558806,-0.032700443329832594
357,"2,786.87","2,771.45","2,790.14","2,768.71",2.94B,1.44,20190808,"1,522.97","1,512.27","1,526.18","1,511.34",1.15B,1.51,-0.014704808902465604,-0.05489952691784377
358,"2,772.15","2,800.44","2,802.81","2,767.14",2.54B,-0.53,20190809,"1,507.71","1,532.98","1,536.25","1,504.89",1.29B,-1.0,-0.04835241423683741,-0.040791698095556286
359,"2,824.80","2,787.44","2,825.09","2,782.77",2.21B,1.9,20190812,"1,539.91","1,511.32","1,539.91","1,506.68",1.42B,2.14,-0.0024640852882537962,0.02124125510832541
360,"2,792.91","2,807.96","2,812.49","2,787.12",2.15B,-1.13,20190813,"1,524.36","1,526.08","1,535.98","1,519.01",1.32B,-1.01,-0.03178230246607446,0.003813937151382061
361,"2,804.36","2,827.04","2,831.34","2,803.86",2.61B,0.41,20190814,"1,536.66","1,546.21","1,551.44","1,534.85",1.70B,0.81,-0.05174147685526282,-0.0005428923378537794
362,"2,814.39","2,758.74","2,815.15","2,756.38",2.53B,0.36,20190815,"1,555.77","1,507.95","1,556.01","1,505.43",1.84B,1.24,-0.028863824819631918,0.052153997674808286
363,"2,824.23","2,817.27","2,846.26","2,805.81",2.41B,0.35,20190816,"1,567.99","1,554.72","1,584.38","1,553.82",2.09B,0.79,-0.015268648769341168,0.0063035540023739685
364,"2,877.23","2,839.25","2,877.47","2,823.87",4.19B,1.88,20190819,"1,622.84","1,586.01","1,622.84","1,581.71",2.92B,3.5,0.04657115896052355,0.06667676263892773
365,"2,875.65","2,869.16","2,883.55","2,864.71",2.98B,-0.05,20190820,"1,611.59","1,624.80","1,630.32","1,607.40",2.30B,-0.69,0.01350874354949078,0.0067184901442059524
366,"2,869.22","2,868.63","2,875.01","2,864.81",2.16B,-0.22,20190821,"1,609.83","1,614.30","1,616.08","1,605.40",1.81B,-0.11,0.01032973367764055,-0.013198444663729313
367,"2,878.00","2,878.73","2,881.06","2,862.44",2.05B,0.31,20190822,"1,613.46","1,614.13","1,615.61","1,599.31",1.74B,0.23,0.032320408352003366,0.008378234711533894
368,"2,917.38","2,880.57","2,923.93","2,876.02",2.41B,1.37,20190823,"1,615.56","1,614.54","1,623.19","1,605.01",1.80B,0.13,0.015291195067610168,-0.005314657968921604
369,"2,863.48","2,869.46","2,882.45","2,854.51",2.64B,-1.85,20190826,"1,600.80","1,588.55","1,608.20","1,587.90",1.79B,-0.91,0.012502249691424886,0.01771429790275355
370,"2,887.24","2,883.42","2,915.84","2,881.00",3.57B,0.83,20190827,"1,628.12","1,611.90","1,646.87","1,610.00",2.20B,1.71,0.04495218172577015,0.06211246507877592
371,"2,867.03","2,883.35","2,887.85","2,860.71",2.36B,-0.7,20190828,"1,625.19","1,629.99","1,632.69","1,617.25",1.68B,-0.18,0.043423905164325656,0.03866857306526877
372,"2,855.45","2,867.77","2,871.63","2,843.28",2.24B,-0.4,20190829,"1,620.86","1,625.96","1,632.96","1,615.57",1.63B,-0.27,0.017172652904252392,0.019581510540997483
373,"2,872.40","2,878.21","2,886.35","2,856.03",2.59B,0.59,20190830,"1,610.90","1,630.05","1,637.26","1,600.45",2.14B,-0.61,-0.015126005642675815,-0.014858189231057252
374,"2,894.96","2,871.29","2,902.41","2,866.75",2.98B,0.79,20190902,"1,652.29","1,614.03","1,655.42","1,610.81",2.24B,2.57,0.045571739688278164,0.05505855066763217
375,"2,892.18","2,897.29","2,900.76","2,878.10",2.59B,-0.1,20190903,"1,660.43","1,656.05","1,662.38","1,646.92",2.40B,0.49,0.03786514200931392,0.02352340388840133
376,"2,919.68","2,888.97","2,919.68","2,887.59",3.76B,0.95,20190904,"1,669.41","1,656.59","1,669.41","1,650.03",2.39B,0.54,0.027667450673349983,0.013357468413517707
377,"2,955.84","2,938.14","2,988.21","2,938.14",5.29B,1.24,20190905,"1,689.05","1,682.44","1,708.97","1,682.44",3.28B,1.18,0.03864696671845354,0.0434403386963366
378,"2,981.07","2,974.80","2,981.24","2,955.82",3.15B,0.85,20190906,"1,692.24","1,699.66","1,700.19","1,674.67",2.51B,0.19,0.03982256563926336,-0.007389338678081526
379,"2,981.59","3,004.80","3,008.67","2,974.23",3.87B,0.02,20190909,"1,733.23","1,702.99","1,733.23","1,691.94",3.13B,2.42,0.04077867008683123,0.07539042161739942
380,"2,969.80","2,987.51","2,988.06","2,958.31",3.60B,-0.4,20190910,"1,725.31","1,733.63","1,734.97","1,715.75",2.77B,-0.46,0.039202508329587285,0.03451921164694893
381,"2,957.14","2,978.97","2,980.66","2,946.57",3.52B,-0.43,20190911,"1,703.54","1,730.35","1,736.18","1,700.91",2.20B,-1.26,-0.0007701776031590389,-0.035397528251740494
382,"2,999.56","2,970.01","3,001.23","2,963.45",3.18B,1.43,20190912,"1,710.57","1,713.59","1,715.33","1,695.29",1.84B,0.41,0.012820105185342158,-0.003862381472509657
383,"2,982.45","3,003.65","3,004.88","2,972.58",3.25B,-0.57,20190916,"1,714.37","1,715.92","1,723.11","1,703.38",2.11B,0.22,0.016994916253688954,0.04489261519274855
384,"2,937.01","2,974.01","2,974.01","2,929.31",3.07B,-1.52,20190917,"1,677.99","1,710.77","1,710.77","1,671.07",2.20B,-2.12,-0.07501999519004647,-0.03560499632265648
385,"2,954.36","2,947.97","2,967.86","2,947.68",2.34B,0.59,20190918,"1,679.31","1,683.15","1,687.11","1,668.66",1.84B,0.08,-0.023968238333305792,-0.00033542426693778684
386,"2,956.83","2,965.03","2,965.11","2,941.66",2.09B,0.08,20190919,"1,705.60","1,684.93","1,706.86","1,676.50",1.89B,1.57,0.03300654448350749,0.011282787704357785
387,"2,963.43","2,964.92","2,970.72","2,956.92",3.02B,0.22,20190920,"1,705.05","1,709.23","1,716.84","1,701.40",2.01B,-0.03,0.03061592350428018,0.005058745576878015
388,"2,930.91","2,955.26","2,955.26","2,916.43",2.38B,-1.1,20190923,"1,684.32","1,699.34","1,699.34","1,669.89",2.04B,-1.22,0.017670917582087317,-0.0032399772597616803
389,"2,940.08","2,936.95","2,956.29","2,929.60",2.27B,0.31,20190924,"1,694.60","1,685.12","1,706.82","1,678.18",2.28B,0.61,0.005044241181741398,-0.002202636905181718
390,"2,928.84","2,930.14","2,942.00","2,923.15",2.25B,-0.38,20190925,"1,672.65","1,686.19","1,689.23","1,670.68",2.22B,-1.3,-0.005161904503757523,-0.04120663423738828
391,"2,927.88","2,939.68","2,952.87","2,926.54",3.15B,-0.03,20190926,"1,623.79","1,677.79","1,680.93","1,623.65",2.21B,-2.92,-0.06841934795111994,-0.0982603537392862
392,"2,929.47","2,929.32","2,934.33","2,916.07",2.30B,0.05,20190927,"1,647.53","1,628.14","1,653.06","1,624.75",1.92B,1.46,-0.02973165624398419,-0.03601993246448846
393,"2,897.70","2,917.07","2,933.51","2,897.68",1.92B,-1.08,20190930,"1,627.55","1,648.90","1,651.87","1,626.05",1.68B,-1.21,-0.049455962028610786,-0.03021082647884069
