,emd_涨跌幅_sz_1,emd_涨跌幅_sz_2,emd_涨跌幅_sz_3,emd_涨跌幅_sz_4,emd_涨跌幅_sz_5,emd_涨跌幅_sz_6,emd_涨跌幅_sz_7,emd_涨跌幅_sz_8
0,0.21829273909721839,-0.4326706861443547,0.5051351435015997,-0.671434493281421,-0.6726917222909383,0.9387199022381842,-0.9349906067478346,-0.23688063151278005
1,0.7412073521877898,-0.6690685879353255,0.6507230155246002,0.40015077145123124,0.18153337518394935,-0.7566769756052919,-0.3325648404610641,0.8296381922059739
2,-0.8705093419998822,0.940878774570147,0.43284535016907943,0.08844967376249369,-0.18649988478552793,-1.486194955610903,-0.4312720001783973,1.621853194731827
3,-1.503702683888625,1.1795744736430536,-0.6854202921504722,0.2193453278543867,-0.023285093294101323,0.16959406724398518,-0.4871373250963951,0.7294100934120318
4,-0.775422155691868,-0.7540120174693805,0.7019869282258406,-0.741593137608145,-0.08877993248553201,1.1161356628969714,1.1170605195551602,-1.518490181861567
5,0.21346257699765447,1.6147247095234776,-1.1239145196008125,-1.398243610837413,-0.06833344727191581,0.6351933226619515,0.9290761091934363,-0.8189288049133581
6,0.6261308869499349,0.6255174185667403,-0.5085375962650452,0.43502099603372224,-0.4779320298425596,0.6315278270978634,-0.2371164588500918,-1.0556904236517168
7,-0.42392995970298497,1.4059273129256111,-0.08573455742397335,-0.9755431210855091,-1.71187882806169,-0.20192295446447306,0.9219399191571145,1.8485243861447758
8,0.7833928738180127,-1.730900854592515,1.5440841801697935,-1.2799764180764435,1.0111841180355685,-0.10919044759146007,-0.6898076907213431,0.6638551206435861
9,-0.7004795764394944,0.7832371024122126,0.8489877892755736,-0.9351492723188064,0.30263198514915957,1.0450250753282964,-1.0069336260333683,0.8662254073581779
10,-0.6411936159166016,0.44305397289968873,-0.4437890813554728,0.7497270702277878,-1.2883518611447398,-1.3225323132471387,2.222937022615037,-2.23919107093534
11,1.9359246645672277,-0.6269804616027184,-1.171469369220468,-0.8368001441743774,1.1336281435263755,-0.9360848151652824,-1.7342109647195145,1.9752691524950667
12,0.4284060544176659,-0.9318901641412028,-0.9301848844905919,-1.1429206583318132,-1.189639787189118,0.8336335281415639,-0.5449637733408307,0.4177213429267653
13,-0.0935056355854478,-0.6864867023416622,0.5989818540786173,1.35638269747092,0.570538868442002,-2.101644037531539,-2.2861949935136163,-1.635901888147598
14,-0.9862601635249588,2.304296651715311,-2.0165853820169493,1.6154866563732448,-0.6087208690780737,-0.8836937461130736,0.7686351052196826,-0.8552981767384931
15,1.007315604492637,-1.051952908368543,0.7214199124570433,0.7090707669775272,-0.49829158437819854,0.4281118080408489,-0.537440040190391,0.6804931508981811
16,-0.6433064842094108,0.3878671152199926,-0.15051691058199995,0.24144304545132006,-0.7177877102961528,1.2831670608340318,-1.5576160225675717,-0.3792922837120717
17,1.0282387675247247,-0.5976281021071311,0.36254590259458935,-0.424736640815326,0.7128823448992023,-0.3645823581150451,-1.5111677312608647,1.8492929689165982
18,-0.25947208087156526,-2.0523904718811203,1.8114100502734363,-1.3980777195050116,1.0660716998596325,-1.1217115984271862,1.6480299991692071,-2.3767944840747868
19,2.898929653582578,2.47081996072614,-2.750411289701927,2.272338604369357,-1.8126115379686627,0.3858674059967945,1.6203404987681713,-1.9465539181092215
20,2.662290419163262,2.808657813302789,-2.936578676810206,1.8952118978841386,2.4031314788630542,1.3985710462218481,-1.724959020818012,1.645829674219973
21,0.5875916514498565,-1.746439796211646,1.5380268987457646,-1.0634359672476836,0.5663064798426085,-0.3808889738911101,0.6125140444730373,-1.0310569092760673
22,1.298970770268251,1.2737133069775357,-1.0815527347690117,0.8611283863940309,-0.8042399277028034,0.9538413365168668,-1.1399806120717546,1.155635179116929
23,0.4723063918411937,-0.695892205836789,0.5086465487642912,-0.5394504022243963,0.7964927481364554,-1.1484781954977281,0.4184483415293577,1.616269767217592
24,-0.12746519972871645,-0.30865557386302456,-1.1065623030532272,0.6960753608039703,-0.350578250394441,0.27368772290166954,-0.5085230369692629,0.840341263487503
25,-0.9638937121154749,0.7634545855666625,-0.40729138253662783,0.1520634968919792,0.006492062407044842,-0.21571333006131943,0.4087804262342114,-0.6554500957741192
26,-0.8177697562629008,-0.062122545728420686,1.1250563814363423,-1.2129223830190536,-0.16446524458695672,1.1696253455219323,-0.6940039273361881,-0.8361452487024441
27,0.6746291171473644,-0.6440689779175071,0.8036029558149278,-1.080901884360614,1.3337560370539399,-1.0077717918288573,-1.4866033357018358,1.3831815892958819
28,0.649622688923316,-0.9857341206420986,-0.06675736283988304,0.27718526181579006,0.6078512585420782,-0.6795202581481469,0.8073595185212266,-0.838893846467758
29,0.6742700661191092,-0.4332445054940469,0.40173217586780424,-0.7476647858438409,1.3172115689693515,0.21714375454661983,-1.8967114618340484,1.5332539622739993
30,-0.9902943417860025,0.8228962126678215,-1.479584420439633,-1.8987269094282833,2.4136143393035074,-2.361526537427114,1.7472854925007217,-1.0552147299966066
31,0.736975380619135,-0.8230212527280681,-0.2586173199694277,1.4301369684655996,0.019416538266654904,-1.8574985857136044,1.9571080760686166,0.21697759033138891
32,-1.2476079465667977,-1.8186523218835262,-1.0194160940611448,1.216240879347537,-0.7960960101368274,0.4464304493385213,-0.34209047678319177,0.5305257630261973
33,-0.899379294161265,1.1824219959784283,1.5834316886115216,-1.6794294070885012,1.5648669107633268,0.0714467902402347,-1.0290972876473572,0.8050369191028488
34,0.7678609357445522,-0.4164194171318149,-0.5510629269212117,0.4979030963248687,-0.47159059276875825,0.5846150141941969,-0.9040371957103955,1.3149987877708984
35,-1.601068539600815,-0.9629215773691798,1.5665812538453001,-1.4229975232358525,1.3571255959292992,0.4742759784062063,-1.573892059628273,-1.3507680644077842
36,1.97803629896232,1.718178251990085,-2.287387318491189,2.391834272385905,-0.6321304594920176,-2.529358399703568,2.5510970560648296,-2.5246032731115986
37,-0.743007343109368,2.3220669672773413,0.4185809524118692,-1.9553160057696468,-0.5233406449595185,1.4231377310633935,0.3343429639577146,-0.7554759567813805
38,0.4373354851539233,-0.21161033444694397,0.13043058274488153,-0.0004371797932425092,-0.2949420344949293,-0.4062878470380644,0.471755687391883,-0.4943458901996489
39,0.5360566356489779,-0.6258603113797971,-0.0008655840660959369,0.8459023422577572,-0.9323048348808858,1.0156627383771821,0.7610447063038578,0.20857317147496646
40,-1.0985265120106773,-1.2478198669937153,1.1645627042306796,-0.9981815452073883,0.8093778773712581,-0.6992872282622661,0.04536330701932936,0.8611660802002035
41,-1.0803387491906313,1.3108503439417003,-1.0808068059843832,-1.5313510315329542,-0.08008726762638968,1.2154004182701093,-0.9028461437757214,0.5858326856796858
42,0.46579924185222193,0.2519176198534783,0.19582872155860132,0.026165834478003108,-0.12462028831093713,0.29349284685970073,-0.5230331460561595,0.7501151502935535
43,-0.903647593913051,-0.16597748758737269,0.9141211778581941,0.7806503114427212,0.016150756293767915,-0.5847019109339823,0.5130238760908071,-0.45714015818350173
44,0.362837628893373,0.22841881748372223,-0.1546070230982684,0.21890208123538735,-0.48598620145721966,0.8833482395302862,-1.207447391264517,1.2784190746207986
45,-1.0983339733661706,0.8324212206785866,0.21307650317826876,-0.5984645010398606,0.7274885120814794,-0.9681760125263025,-0.8567832750292883,0.010086152836235263
46,1.482536378285837,-1.3805388840988004,1.1415714427975403,-0.8659106961072762,-0.8284594064674204,0.13086822268907328,0.40007739801991615,-0.4385693257527039
47,0.5896510302864928,0.76544292085803,0.17742464138064257,-0.8358542776748369,-1.303361497074551,-1.1245229906533227,1.2728340293047076,-0.06632086503164236
48,-0.8454779187882291,0.5853418329746249,-0.4071715898564987,0.372422812264204,-0.442232573256496,0.524029970977671,-0.5673638837350492,0.004753445627480396
49,0.5755709548030647,-0.25328774012158145,1.3597795456539272,0.9124000789647568,-0.18593111213810154,-1.005398950073364,-0.9690209527787272,-0.4052472266689864
50,0.14156348700222293,0.39455482527682906,0.40565551868853267,0.2862268861657386,0.11258937438517334,-0.0471405795923138,-0.14759662516159117,-0.1511077860352779
51,-0.042466450692150465,0.12710961310206592,0.28985987952472847,0.3824579637430323,0.3706033314781815,0.25128138685696744,0.027863602128635367,-0.2962785504575701
52,-0.6413287673235564,-0.6140876564290504,0.07952675308158541,0.7068027725195715,0.0734620572663795,-0.8546539062570011,-0.8985816377045455,-0.4658553372171542
53,0.4864892855940717,1.2504954603720222,0.6513311290851923,-0.6358088191489966,-1.4808769902835552,-1.2865525515410248,-0.63661797330294,0.040166636813865564
54,0.49684341948005517,0.7728462057326885,1.0011449889073578,1.0568828672998687,0.7992514413228952,0.30614749017259557,-0.26721797092197463,-0.675082161383626
55,-0.6500620669318613,-0.08986237635591185,0.469598490077008,0.465237423125502,-0.05352994928027027,-0.29941764326040865,0.04781235197062367,0.2288862554544614
56,-0.0019318523392827525,-0.256221976309677,-0.1572732712050871,0.16280140640961385,0.46643617418434813,0.6030767484447641,0.44395370053725575,-0.06077375067522939
57,-0.6457111265408515,-0.9666631222984999,-0.7627201280064384,-0.10611531300038035,0.7084930765164443,1.0232121697787897,0.8761459337777469,0.6207733441865468
58,0.1711127176494603,-0.5120479369507219,-0.8111203157907225,-0.29991224137214206,0.4675560001123051,0.7500988320169075,0.23335009164714365,-0.4957548780575441
59,-0.7780763583162427,-0.07042089134184992,0.815517856574985,0.6916362733059669,-0.4089928302088299,-0.9384601223146143,0.09142327388097893,1.108900014384154
60,0.8325187758545738,-0.9014198006225336,-1.4150151902160655,-0.08625282645722399,1.2812124559595812,1.6034290808997462,1.0473941487641838,0.039836768650475585
61,-0.9133346225060139,-1.4205029898714705,-1.5800823589198978,-1.4308101561022328,-0.98780362817235,-0.3177666755974875,0.48569655097805386,1.1854638001816526
62,1.2606615915549078,0.5768150725712229,-0.24269282885567797,-0.832056623218088,-1.0135165258929877,-0.8975235781731057,-0.6355966923252598,-0.3262692090268261
63,-0.0451399004146657,0.17895137695381053,0.3398723199693018,0.4344287120700212,0.5243624797780622,0.7754380793882507,0.8438407582704862,0.424617534762135
64,-0.45641462407318245,-0.8707152690005686,-0.5669915327575208,0.09378991034645123,0.7568348771076763,0.7702361120934302,-0.18601643858127026,-0.7261259701494808
65,0.24186426709016584,0.7715127540033813,-0.15562943363954296,-0.8133603442029367,-0.7413539273458163,-0.2372102580373569,0.6252800904087916,0.42027091114287024
66,-0.44749291096077604,-0.192245946844156,0.41038435708714704,0.15666793676049323,-0.5202656023854505,-0.06634324660547697,0.6197775828372456,0.3304917366222273
67,-0.37774109197642985,-0.5823807566808952,-0.01831872115234165,0.5508068375875677,0.26293364585072465,-0.6585681113831506,-0.24558706729718727,0.9163523460100045
68,0.24930099487012242,-1.0407679673095414,-1.2449252264721196,-0.9031493865855134,-0.14413406070166923,0.8886316378169822,1.0804424785876448,-0.012342509381328748
69,-0.9793019848209088,-0.4883022620437932,0.7199666641782175,1.25804782060336,0.25953603867432073,-1.0891694969547758,-1.8720000331994568,-1.987003567341457
70,-1.636252340660054,-0.9118003149531458,0.39633842646494544,1.6415710274772397,1.5410256920734344,-0.13033276587564036,-0.6443227754032641,0.38511922939262955
71,0.3852115040081544,-0.19344037812780673,-0.1103330497969158,0.03099001757650352,0.08444920701602193,0.4612857245589889,0.8366931157776438,0.11909532330475414
72,-0.8933278703002276,-1.1883644173818642,-1.2140789994573995,-1.0192643621220943,-0.4793295566868442,0.19502560831347332,0.3510524595358428,0.4176323259211298
73,0.7658807664093226,0.950727506596833,0.5218905285199911,-0.22410618394971765,-0.8040371464820217,-0.8711985707178402,-0.5836558786793404,0.023016473607963384
74,0.8989855807426999,0.7565546960262568,-0.15190971792153063,-0.24581381435406446,-0.23020365810934362,-0.7179979664132343,-0.7988931817288408,-0.3438361216603221
75,0.33946221430892276,0.6441165027450724,0.47113460319348727,-0.03808949499936784,-0.45571888871998567,-0.40219851125515893,-0.020400659680822136,0.24066232438767995
76,0.06550070720525403,-0.1400493963272692,0.03246642146892927,0.1807843305522671,-0.24787094551913014,-0.36647450342476895,0.17023162950717524,0.5512602162076935
77,0.505026589820446,0.04037366169088186,-0.44660874704481723,-0.6233370256688853,-0.31474420504209805,0.19801153626742524,0.5197157327647361,0.2885739870275186
78,-0.4066510811564011,-0.4166979832251041,0.2734557135778759,0.12019068612304215,-0.22422543370090853,0.2684893213370003,0.16816699154476314,-0.49712205191219927
79,-0.4042773167151089,0.9057856141827055,0.3176156282613337,-1.4621723049143371,-0.3637396980050577,1.9639230612193281,2.1058369487289452,-1.0650041882793697
80,-2.1625617401436035,0.3749157897880492,2.0705172789178703,1.6852051494116336,0.6738478395149423,-0.49520609122219195,-1.4198332193688588,-1.7750152206571619
81,-1.3793381638008033,-0.4940844578496052,0.363754520215732,0.7694732770305828,0.7650748775764341,0.2878375421988286,-0.47747914023603066,-0.34051869358585485
82,0.4481096869538874,0.041524317738636185,-0.9380180136672559,-0.9809539034525292,-0.15325253915276882,0.9241335925630441,1.2761446123144462,0.5832897099014126
83,-0.4007201963384732,-0.813716933690807,-0.3902958780492345,0.46653623792927,0.7535100008874399,0.06769398489283923,-1.0799280916545333,-0.8971422181065097
84,0.7417696892463013,1.476619578870927,0.7149027093166561,-0.1586115832027336,-0.9246321458066719,-1.3262887689566134,-1.139557535535976,-0.2621519009964275
85,0.7494833489431916,1.2512530233359902,0.9431648962650121,-0.148518760167188,-1.2029524930250823,-1.3364473469357643,-0.4201859201403646,0.6476441931335832
86,0.9329589842855859,0.4304829144634599,-0.10626004219337518,-0.31245330411786915,-0.08318887537569186,0.21373550249389955,0.19358315964975784,-0.12343254948327553
87,-0.5493670513729858,-0.6150899819494788,0.019967249541415988,0.6496263127464814,0.489209099604304,-0.014795703770073082,-0.3004345705194009,-0.05153534103199163
88,0.2256126918520854,-0.11257539616600432,-0.5090825029533886,0.08407287271832453,1.0979982369174686,1.2684659003589243,-0.1675515944540349,-1.7026182427577181
89,-1.748301799624478,-0.6406805294766398,0.7891674586276558,1.7339543778093713,1.5250633422244928,0.054973896925696875,-1.2159616310029238,-1.3454322215692112
90,-0.870241936581031,-0.15767811547850236,0.5582216273095563,1.014958311788462,0.956904758452217,0.5242548940262253,-0.04820314259357744,-0.5674020799684313
91,-0.8399005441925136,-0.6699355884445914,-0.09168943251079209,0.5110933262182991,0.7078912835885409,0.3215173473575454,-0.26772625009596535,-0.5167823194367926
92,-0.05528624504177765,0.37426097160994554,0.18284743997419867,-0.15809268265555784,-0.3009332392978378,-0.08881476205910026,0.2755413282197883,0.49951838851435737
93,0.3713126906248911,0.004795966240279059,-0.4395910666511011,-0.8888376275728832,-0.9702609252005927,-0.3426730068226824,0.6466186509457883,1.0006116950023505
94,0.888795648072265,0.5983109493332884,-0.26522920639659486,-0.814900989014202,-0.332288700658244,0.45053541123766716,0.6934683782871944,0.5433153232686143
95,0.37151994221266127,0.14788753475901567,-0.16946127840449715,-0.4711954839561663,-0.3142832600695725,0.11186903143202052,0.284069250335627,0.197359045889759
96,0.0003777912363885777,-0.16361450154467785,-0.21526971725796307,-0.12721321366792313,0.0886718409426113,0.32861211776364624,0.4663514792221648,0.37399900384911616
97,-0.03630737923408667,-0.5773196223237005,-0.653329860421309,0.08375082020595115,0.5987013135439616,-0.01723495601997832,-0.49355494691690416,-0.006467171185083581
98,0.44335600572166267,0.2629990721100035,-0.19627393497796838,-0.47758335848629624,0.21751400328787637,0.10284486596576142,-0.012126987957797236,-0.1145314587875706
99,-0.19149844682832973,-0.23239383547040557,-0.2355274404463703,-0.20163483961238166,-0.13230893104859925,-0.03265834002189259,0.08037757668471548,0.1869263304271411
100,0.2671154325613003,0.30281287480185437,0.28582156389307767,0.22157686131652493,0.11848712214838308,-0.013801121569482572,-0.15982377895345404,-0.29941917823806147
101,-0.41156079667879325,-0.4752221115311354,-0.469160349974334,-0.37887150202944647,-0.22005036022842334,-0.01599548024999692,0.20618030731698933,0.4041070722432513
102,0.5374816264497896,0.5924364125528773,0.5723619009909564,0.4824071926864598,0.3315713763407155,0.1464700843485499,-0.041857921032410705,-0.20713307712672274
103,-0.3421126195876963,-0.4443129836508274,-0.5112506045516118,-0.5404419175255468,-0.5293584028724908,-0.4752484351641425,-0.3781741435036198,-0.250281784646433
104,-0.10674946875759372,0.03724469399788663,0.16754030108871557,0.27404778051847245,0.3476952679244562,0.38026566074309,0.3701103901611165,0.32910063107501974
105,0.27164070407807916,0.20866403090545463,0.14700769856116447,0.08066138967811756,0.0032342931692016658,-0.08033897256166955,-0.16229243173782412,-0.23486010858259151
106,-0.29030798267112345,-0.32102985498586123,-0.3196015121738107,-0.2793562584219237,-0.19786915254423953,-0.08672120627748678,0.039044429483182236,0.1643846038426143
107,0.27566816460114035,0.3649119543410384,0.42554481434006947,0.45111698061711536,0.43567384942305304,0.37649021581917586,0.2831291721313306,0.16822348968462328
108,0.043858701863487504,-0.08006860971034457,-0.19420910135581404,-0.2917003189440364,-0.37562736655482726,-0.450605862607287,-0.5174259246689693,-0.5759212950945397
109,-0.6226484855702861,-0.6409452552668033,-0.6139488579762031,-0.5387508962830219,-0.41595901743044894,-0.2501889611084141,-0.06208883679380678,0.12368515358974286
110,0.2856691157039099,0.4151683855515972,0.5066806067210119,0.5547034228003642,0.5537344773778632,0.5013057063052362,0.4070862144883022,0.2837793990963951
111,0.14408865729885256,0.0007173862650120544,-0.1340409275448767,-0.24930752116649937,-0.333713864982994,-0.37566651003709034,-0.3636272359489897,-0.29145736396462985
112,-0.1741181036748395,-0.0330698940024767,0.10989667562555411,0.2329910157823498,0.3145903451508794,0.3337431148536042,0.26895832668237296,0.10920949074005304
113,-0.10301564219438675,-0.3088389405312423,-0.45270508910066903,-0.480151313293977,-0.3555782945272852,-0.11884053831597852,0.17134399379974563,0.4562573402796885
114,0.6762122776151491,0.7676445344234071,0.6854923260020923,0.46258086224423783,0.15456340116309714,-0.1694816013425865,-0.44336286757783544,-0.6373954613726117
115,-0.7742676475295879,-0.8875229895898873,-1.007996522750835,-1.150311884591745,-1.2669556505636557,-1.2996060550764068,-1.209131044807868,-0.9755498143131871
116,-0.6322926371249751,-0.22149876362921966,0.2246794767430762,0.647805576699529,0.9893132056305217,1.1880385142537855,1.1945516484521495,1.0109095899890757
117,0.6550086307821834,0.18047710804136874,-0.29165945978300717,-0.6627492510579036,-0.844302283265202,-0.7787358200632538,-0.5312558503178628,-0.19461457107752683
118,0.13927608010769482,0.3846296026751598,0.4801612440118881,0.39390776471400046,0.1874689085190028,-0.051244791595347505,-0.24368468524437023,-0.35186436543424715
119,-0.3504595932874076,-0.2324048472522526,-0.031251368174326416,0.1896533063644144,0.36155563666088414,0.41511310177298144,0.30338180193035,0.07784704063475881
120,-0.18525133248423697,-0.4022773747900759,-0.4864294200698739,-0.44790569131960856,-0.3191812062884315,-0.13534274179506792,0.06755033267663371,0.25343864764282753
121,0.38626283361966596,0.43923751231692476,0.4226031778971925,0.3556472273360757,0.25780008891196704,0.1468164495834952,0.03353490740578499,-0.07293496179191579
122,-0.16348358218035902,-0.22900137793029612,-0.2603787732124798,-0.24875807059358862,-0.19069458275324014,-0.10061748688391593,0.002638543292668369,0.10023883405479754
123,0.1752806495647133,0.2186817217335349,0.22390622304207752,0.188401323659286,0.12152075215137832,0.035533967225507015,-0.057289572411175174,-0.14468040805151686
124,-0.21436908098836482,-0.2561552747490612,-0.26699747190684037,-0.24123907334780492,-0.17520488252310298,-0.08081355801198287,0.026064491735955153,0.1280949485288744
125,0.2020878552059861,0.22338934486426415,0.17563824121055727,0.07545234281819792,-0.04689148102784234,-0.1367740270402637,-0.14729528337420505,-0.08799229895142924
126,0.009373776065512991,0.09494887521889835,0.12535357280128634,0.10098798367605903,0.03625048795945845,-0.053646299536230777,-0.150558682803226,-0.2246186410517501
127,-0.24302707229652598,-0.1795609014784431,-0.03430116124304697,0.17217113922627333,0.36357919229941527,0.4549341272423232,0.3821264539780085,0.1151943188153931
128,-0.2528542260342908,-0.5693850138581433,-0.697168252135368,-0.591450794802965,-0.25816734137286945,0.18705292465831358,0.6080199347765916,0.895953117821883
129,0.9489242769725812,0.7037154406771822,0.25194953846459317,-0.2741915562092551,-0.735131095260764,-1.0162862127555776,-1.110444445983973,-1.037316588332838
130,-0.8169360543508497,-0.46941691387713663,-0.025705298460364234,0.43992441351264316,0.842365781945525,1.0965123667419137,1.1321693244715327,0.9456359075269487
131,0.5755138016007995,0.0672524015442191,-0.49396528004436946,-0.8947790282023859,-1.005124084720045,-0.7692374730498668,-0.30553426879348244,0.22402593941019655
132,0.6574835629222608,0.8632119977350989,0.8311928103319883,0.5825719598934063,0.16223182373474732,-0.2870016791988508,-0.614575341276568,-0.7475054196358806
133,-0.672160919294772,-0.40828754677792317,-0.04589849922258321,0.30779603829879726,0.5632400851238374,0.7014944782304157,0.7214389017293004,0.622639240654356
134,0.40856185349103336,0.1058962388013222,-0.2202657236970229,-0.49613788664769337,-0.6598149488526079,-0.6969149937465939,-0.6034878479208459,-0.3801702264306013
135,-0.07281001873440568,0.24185328316082083,0.48195311172893635,0.5816002149338342,0.5383974595916065,0.3642459046670667,0.08871667485406232,-0.18611200616232687
136,-0.3593568667666803,-0.40743209352301724,-0.327079177974807,-0.13426231177810422,0.09320761947952927,0.2623087918363045,0.30138753649919564,0.224769550033608
137,0.07017566290723941,-0.11590972923899653,-0.25397494880484517,-0.2774479229221949,-0.2042631244437275,-0.07273001286999911,0.07794037908816631,0.20824183662559972
138,0.2890777402890633,0.33298985203304693,0.3614339032353932,0.3868836763199901,0.40831954682355165,0.42172244504314405,0.42296727969534187,0.4072462074721156
139,0.3686107006743984,0.3008535659004837,0.20081432219251488,0.077519338368019,-0.05695830431163168,-0.19054552458506135,-0.3124993510031251,-0.4173972513655869
140,-0.5011468032844383,-0.5596555843716713,-0.588831172239278,-0.5854703958835081,-0.5499489625707736,-0.4836928361956211,-0.38844391063120653,-0.2663442916090744
141,-0.12084287504884808,0.04428474558283263,0.22151643024536455,0.3883438526022888,0.5196683225561534,0.5950158812613762,0.5951492313663971,0.5089029361528428
142,0.35619182121931997,0.1646806580734157,-0.039034686278690445,-0.23263396283645116,-0.39486582710072465,-0.5044789345723684,-0.5402219407522426,-0.4885194754780749
143,-0.3665000659350647,-0.1989682136452815,-0.010247389789727251,0.17654305407325124,0.3358847897599109,0.4415394873448948,0.47351285862555303,0.43685284596030927
144,0.3430779441319326,0.20551550363742058,0.045030202839486944,-0.11561951193789571,-0.2536751943707549,-0.3463783981351186,-0.3766213792139789,-0.3498823259753238
145,-0.27722262172266504,-0.17033757900428845,-0.04558252994768541,0.0718092063173422,0.1580557833522291,0.2053673518731002,0.21715214320842707,0.19809013094706884
146,0.1523008939364046,0.0858934816051126,0.013349331240723766,-0.04875702290451822,-0.08385104657836925,-0.08122394583137385,-0.05364627185995548,-0.019284794420076856
147,0.0059665847985554115,0.01189658475634433,0.006760376165466063,0.0017604849169272874,1.0005616446588975e-05,0.002684182495507714,0.3392111649929821,0.33455408407799697
148,0.32229617786818443,0.3028198167896337,0.27650737126843344,0.2437412117306729,0.20490370860244092,0.16056701134785104,0.11216058965502007,0.06169650853771266
149,0.011285037081598226,-0.036963555627653105,-0.08093900050437161,-0.11870963683645303,-0.14927859695872486,-0.172709059790258,-0.18928456380279254,-0.199288647468069
150,-0.20300484925782802,-0.2006869902167563,-0.19247002168132546,-0.1784591775609558,-0.1589759418413076,-0.13520679881301284,-0.10855448284294293,-0.08042172829797209
151,-0.05221126954497277,-0.02532584095081846,-0.0011681768823821187,0.018858988293463427,0.03362215926283889,0.0431407726815687,0.048007407289384504,0.048890617583745286
152,0.04646377171992748,0.04141949248447717,0.03446032904378283,0.02630928145233209,0.017694636297772733,0.0093453754123013,0.0019456995036137995,-0.0040432964487552
153,-0.008378616343352352,-0.010860550064333934,-0.01131490642230422,-0.009692854540803708,-0.0060642208984126676,-0.0005221165808592838,0.00684034732612865,0.015930059736823203
154,0.026617258629148106,0.038558542540299154,0.05110571628978561,0.06354354900178234,0.07515680980046441,0.08523526649646021,0.09308868164621407,0.0980316681275322
155,0.09937862406879991,0.09644531407708573,0.08854788147040214,0.07500246956676201,0.055275251996918864,0.029589919931572187,-0.0010502199899159181,-0.03548446483920219
156,-0.0725521116879442,-0.11109245760779853,-0.14994479967042232,-0.18794843494747354,-0.22394266051060863,-0.25688816817260596,-0.28624080997823664,-0.31161615778342944
157,-0.3326393647116224,-0.3489355838862541,-0.36012996843076217,-0.3658278501292609,-0.3655412363114799,-0.35870615657946825,-0.3447446014381865,-0.3230785613925965
158,-0.29313002694765833,-0.2543209886083333,-0.20622607508145008,-0.14914029772349652,-0.08412294039143095,-0.013032376503780085,0.06210070559108451,0.1392456175447909
159,0.21637167100896698,0.2914481776352409,0.3624444490752412,0.4273297969805954,0.48407353300293315,0.5306449687938812,0.5650134160050676,0.5855777181302264
160,0.5924548460315038,0.586189857347905,0.5673209869216831,0.5363785904452434,0.49388292530885886,0.44035198496120587,0.37630376285096073,0.30225625242680065
161,0.21878267571487436,0.12678766990778134,0.028003254705875003,-0.07440744731774723,-0.17695116308594333,-0.27613461952156954,-0.36863235165735675,-0.45179012696552684
162,-0.5234299957203998,-0.5826079069651897,-0.6286882844353374,-0.6610355518662807,-0.6790141329934607,-0.6819884515523144,-0.6696110097483214,-0.642686623667114
163,-0.6023081878643631,-0.54956859689574,-0.48556074531691545,-0.4113775276835605,-0.3282743360900741,-0.2381565527857633,-0.1430920575586606,-0.045148730196801545
164,0.05360554951178087,0.1511029017790523,0.24527544681697766,0.3340553048375251,0.41537459605265825,0.4871654406743451,0.5473599589145507,0.5938902709852406
165,0.6249745114029259,0.6399675241343037,0.6384732176801619,0.6200579179793676,0.5842803922723054,0.5306994077993605,0.4588737318009193,0.36836213151736663
166,0.2596136300491654,0.13703741543093667,0.007529497532782259,-0.1216149722813431,-0.24310084264748444,-0.3496329622016872,-0.4339161795799989,-0.48934302606031505
167,-0.5128970229863732,-0.5055894397493126,-0.46915764357776607,-0.40519694387992766,-0.3152723787559407,-0.202056122976189,-0.07342757624667381,0.05851201203779258
168,0.18088271422775862,0.28080460267377055,0.34791935699490184,0.38195508588433064,0.3851615053037615,0.35980778084160026,0.30824087659305743,0.23341618751905638
169,0.14111115270851465,0.03955666917716197,-0.06255024688731828,-0.15651257929724577,-0.23363331186493802,-0.28649403999362444,-0.313442407740609,-0.31674905003730475
170,-0.2995219406869524,-0.2650424479962424,-0.2166257963673582,-0.15758721020248243,-0.09117182158211898,-0.020397674206165645,0.051574156922693654,0.12152931589566177
171,0.18625344680394018,0.24253219373873158,0.28715120079123774,0.31689611205266044,0.3285525716142019,0.319159133615708,0.2878319217764846,0.23820368740402964
172,0.1749731111907267,0.10283887382895963,0.026433344714707596,-0.04996906815472085,-0.12277477076415977,-0.18945743664563924,-0.2477343771647249,-0.29532290368698294
173,-0.32994032757797886,-0.3493039602032789,-0.35109228692117345,-0.3327940587633508,-0.2928392494562927,-0.2343076263506075,-0.16224930410220578,-0.08192754172030492
174,0.0013944017858787683,0.08245326740712854,0.1559857961342276,0.2167287289579597,0.2601543718220827,0.28486907805527134,0.290981916231247,0.2787761615441451
175,0.24846476537768739,0.20126789974555287,0.14250494299166383,0.07852007504250444,0.01554971766698815,-0.04141497469228901,-0.09074754453446678,-0.1316357690547264
176,-0.16326742544824974,-0.18483029091021747,-0.19553593930041835,-0.19501678157924507,-0.18425683117124442,-0.16466656806642888,-0.13768167628563122,-0.10473783984968352
177,-0.06730257740558478,-0.026970746104990173,0.014630962274281248,0.05587585595441007,0.095137243157575,0.13082987866719137,0.16153430351161152,0.185872505280418
178,0.20246647156319797,0.20993818994953525,0.20694238414289237,0.19269308258992757,0.16815049100186086,0.13470317537759313,0.09373970171602264,0.046648636016047865
179,-0.005181455723432191,-0.06028135221307129,-0.11685921100173,-0.1730425343478205,-0.22695882450975596,-0.27673558374594825,-0.3205003143148119,-0.3563805184747585
180,-0.38286708231163613,-0.399620843987731,-0.405531344822342,-0.399201097855306,-0.37924176721513636,-0.34433382379518995,-0.29317545370438813,-0.22535578488821703
181,-0.14402771263844147,-0.05323507408339098,0.04297829364860217,0.1405685534292076,0.23521563616440544,0.32176806469427904,0.3958922090806417,0.45352795918216016
182,0.4906152048575022,0.5030824937971194,0.4882496700165575,0.44917189535496493,0.39034099664944744,0.3162488007371117,0.23138713445506143,0.14024782464040142
183,0.047158055407414384,-0.04424119005271346,-0.13058409139883592,-0.2085324583216077,-0.2747481005116835,-0.32589282765971844,-0.3586284494563664,-0.3696167755922836
184,-0.356872587000594,-0.32382254958430445,-0.2752463004888902,-0.21592347685982566,-0.15063371584258747,-0.08415665458265191,-0.020854787117552898,0.03658851585648931
185,0.08594923038941764,0.12501388344073505,0.15156900196994139,0.16340111293653736,0.15931247350230338,0.14218749134368336,0.11600322316159478,0.0847559553625055
186,0.05247023614538998,0.02272126373448792,-0.003137090432532942,-0.02431335206277503,-0.04001604686334115,-0.04945370054133294,-0.05213324156394419,-0.04877082957241255
187,-0.04044350750279385,-0.028243938424824845,-0.013264785408243537,0.003401288477212803,0.020661620161807795,0.03742354657580303,0.0525944046494613,0.06508153131304555
188,0.07379226349681785,0.07789260383367844,0.07757830392636517,0.07326294245961182,0.06527045124619776,0.05390357884109087,0.039465073799261036,0.022257684675675612
189,0.002584160025303428,-0.019252751596886428,-0.04295030163592592,-0.06820574153684665,-0.0947163227446791,-0.12222942761143904,-0.15067108938394214,-0.17985646697211266
190,-0.20928478930726407,-0.23838177100934074,-0.2665731266982851,-0.29328457099404026,-0.3179418185165505,-0.3399705838857586,-0.35879658172160767,-0.37384552664404164
191,-0.3846236119540558,-0.3909484029293548,-0.39267577253870223,-0.38963795958455194,-0.3816148371941146,-0.36836206499096547,-0.3495908142593845,-0.32500113419882765
192,-0.2942930740087504,-0.25734827471261434,-0.21477474462990703,-0.16736208390412138,-0.11589989267875034,-0.06117777109728667,-0.003985319303223572,0.054887862559945655
193,0.11465217434872776,0.17445195224939197,0.23320502174656957,0.2899141205719228,0.34361973043642896,0.3933623330510666,0.43818241012681336,0.4771204433746477
194,0.5093494457742702,0.5345556785374118,0.5524904267730846,0.5628880987474416,0.5654831027266349,0.560007382886034,0.546183027037877,0.5237296589036196
195,0.4925127914125333,0.4530851207085683,0.40655973767715203,0.3541533595871286,0.2970827037073409,0.23656448730663332,0.17381542765384825,0.11006772352063787
196,0.04663188362460942,-0.015000874817729243,-0.07307320769875988,-0.12632416794324003,-0.1737533607141231,-0.2148065118375737,-0.24904087730556093,-0.2761261030985921
197,0.07318905590100691,0.06198170364490411,0.050832564541088775,0.039818864665703974,0.02901783009489297,0.018506686904798723,0.008362661171564131,-0.0013370210286675066
198,-0.010515133619752884,-0.019094450525549166,-0.026997745669913205,-0.0341477929767019,-0.04046736636977194,-0.04587923977298069,-0.05030618711018459,-0.05367098230524069
199,-0.05589639928200593,-0.05690521196433716,-0.0566201942760915,-0.05499498483102451,-0.052106681002488955,-0.04806324485373596,-0.04297263844801742,-0.0369428238485842
200,-0.03008176311868823,-0.022497418321580958,-0.014297751520513463,-0.005590724778737524,0.00351569984049567,0.012913560273934192,0.0224948944583271,0.03215174033042257
201,0.04177613582696926,0.05126011888471589,0.06049091378259353,0.06933649016826379,0.07765489130954582,0.08528370958616066,0.09205525084466698,0.09780112568707658
202,0.10235277090426442,0.10554162328710512,0.10719911962647397,0.10715742657030751,0.10527714912123848,0.10154628970002907,0.09607673707500586,0.08900497186977469
203,0.08046747470794123,0.07060072621311128,0.05954120700889069,0.047425397718885154,0.0343897789667003,0.020570831375942053,0.006105035570216175,-0.008876126513325366
204,-0.024261167683346227,-0.039943451069872016,-0.055816125053507346,-0.07177370449354062,-0.0877110829602033,-0.1035231540237278,-0.11910481125434576,-0.13435094822228927
205,-0.14915645849779016,-0.16341623565108043,-0.1770251732523918,-0.1898781648719565,-0.2018701040800063,-0.21289588444677332,-0.2228503995424893,-0.23162854293738627
206,-0.2391252082016959,-0.24523528890565074,-0.24985362259374222,-0.25287482270750317,-0.2541926205532276,-0.25371726433853664,-0.2514515006159378,-0.24747405366561884
207,-0.2418776868648547,-0.23475516359092094,-0.22619924722109377,-0.21630270113264916,-0.20515828870286215,-0.1928587733090086,-0.17949691832836503,-0.16516548713820567
208,-0.1499572431158076,-0.13396494963844593,-0.11728137008339659,-0.0999992678279353,-0.08221140624933734,-0.06401054872487921,-0.045489458631835844,-0.026740899347484165
209,-0.007857634249098494,0.01106757328604463,0.029941959880669944,0.04867420722275073,0.0671798197970111,0.08538218123802219,0.10321477348248861,0.12061334240871083
210,0.1375136338949897,0.1538513938196252,0.16956236806091834,0.184582302497169,0.19884694300667716,0.21229203546774422,0.22485332575867042,0.23646655975775538
211,0.24706748334330064,0.2565918423936059,0.2649753827869717,0.27215385040169837,0.2780629911160868,0.2826385508084368,0.2858162753570491,0.2875289137066922
212,0.2877215558711942,0.286433610143582,0.2837288136200682,0.27967090339686396,0.2743236165701804,0.2677506902362301,0.260015861491224,0.25118286743137397
213,0.2413154451528914,0.23047733175198787,0.21873226432487525,0.20614397996776496,0.19277621577686838,0.17869270884839777,0.1639571962785641,0.14863341516357892
214,0.13278510259965434,0.11647599568300163,0.09976983150983275,0.08273769494435168,0.06548762062121843,0.04816522573701211,0.030923686186793795,0.013916177865625087
215,-0.0027041233314334806,-0.018784041509320455,-0.03417040077297491,-0.048710025227334766,-0.0622497389773404,-0.07463636612792954,-0.0857167307840414,-0.09533765705061503
216,-0.10334596903258893,-0.109588490834902,-0.11391204656249317,-0.11618443290852516,-0.11638760822710745,-0.11464558869278782,-0.11111272560367562,-0.10594362551991425
217,-0.09929251681193044,-0.09131185982924711,-0.08215367291616364,-0.07196997441697797,-0.06091278267598842,-0.04913411603749323,-0.03678599284579153,-0.024039881071882183
218,-0.011145047193570623,0.001629792684637442,0.014015922458235082,0.02574462602271666,0.03654718727357549,0.04615489010630543,0.054299018416400474,0.06071085609935427
219,0.06512168705066046,0.06730076528728896,0.0672030814076077,0.06495937758933101,0.0607476437775228,0.05476408046619,0.04720885151760105,0.03828212079402485
220,0.028184052157730087,0.01711480947098503,0.005274556596058973,-0.007136542604780333,-0.01991832426926366,-0.032870624535122475,-0.04579327954008825,-0.058487157074609754
221,-0.07075725154000315,-0.08240958899030337,-0.09325019547954433,-0.1030850970617605,-0.111720932081411,-0.1189667880446556,-0.12463236474808011,-0.12852736198826958
222,-0.13046198157844688,-0.13024843339838876,-0.127699429344509,-0.12262768131322113,-0.11488472720821503,-0.10451183925978236,-0.09172683689550169,-0.07678196984045463
223,-0.05992948781972253,-0.04142164055838693,-0.02151067778152921,-0.00044884921423098134,0.021511595418426746,0.04411840639136208,0.06711933397949334,0.0902621284577398
224,0.1132945401010193,0.1359819001368544,0.15815986360318038,0.17968303832950125,0.2004115195011787,0.22020677414253864,0.23893026927790767,0.2564434719316121
225,0.2726078491279781,0.28728486789133184,0.3003359952459993,0.3116226982163072,0.3210302404911882,0.328539072417999,0.3341786450395247,0.33807922552183445
226,0.3403962850618181,0.3412852948563661,0.34090018583938864,0.3393887278928769,0.33689715063584025,0.3335716836872905,0.32955587826874577,0.3249825720117591
227,0.3199819241503899,0.31468409391869967,0.309219240550749,0.30371752328059753,0.29827636522842815,0.29286224505890573,0.2874089053228189,0.2818500885709537
228,0.276119537354098,0.27015099422303945,0.2638782017285648,0.25723490242146174,0.25015483885251744,0.24257175357251884,0.23441938913225366,0.2256314880825091
229,0.21614179297407216,0.20588404635773108,0.19479199078427215,0.18279936880448308,0.16983957523196933,0.1558425598341862,0.140747423467268,0.12456207375218847
230,0.10731213352548577,0.08902322562369877,0.06972097288336657,0.04943099814102758,0.028178924233220354,0.0059903739964839164,-0.01710902973264289,-0.04109366411762175
231,-0.0659379063219131,-0.09161613350897901,-0.11810272284228021,-0.14536070931706277,-0.17326488538190155,-0.20150720582192155,-0.22973675154843995,-0.2576026034727728
232,-0.28475384250623803,-0.31083954956015125,-0.3355088055458294,-0.35841069137458975,-0.3791942879577487,-0.39750867620662295,-0.4130029370325299,-0.4253261513467848
233,-0.4341274000607058,-0.43905576408560887,-0.43985645609220214,-0.43665849767141685,-0.42968371022304663,-0.41915135910485607,-0.40528025019343644,-0.3882891893653787
234,-0.36839698249727393,-0.34582243546571406,-0.3207843541472898,-0.2935015444185921,-0.26419281215621304,-0.23307696323674315,-0.2003855933044635,-0.16642068677996089
235,-0.13157393667370687,-0.09625626570172113,-0.06090685837253296,-0.026022293903316895,0.008095196541796329,0.04119903426006394,0.07304264054874349,0.10337943670509198
236,0.13198209161934574,0.1587158846873376,0.18352782343260665,0.2063805355123733,0.22723664858385806,0.24605879030428163,0.26280958833086454,0.27745167032082746
237,0.28994766393139093,0.3002601968197755,0.30835189664320184,0.3141853910588902,0.3177282215647695,0.31898876827941014,0.3180662965167814,0.3150862081424446
238,0.3101751433454062,0.3034597423146723,0.2950666452392491,0.28512249230814335,0.27375392371036145,0.2610875796349098,0.24725010027079444,0.23236812580702232
239,0.2165682964325991,0.19997725233653166,0.1827216337078261,0.16492808073548904,0.14672323360852685,0.12823373251594566,0.10958621764675214,0.09090732918995262
240,0.07232370733455311,0.05396199226956047,0.03594882418398079,0.01841084326682052,0.0014746897070862242,-0.014746087725026738,-0.030190305934565898,-0.04482099533021319
241,-0.058645674659948216,-0.07168298475657213,-0.083951566452888,-0.0954700605816983,-0.10625710797580526,-0.1163313494680113,-0.1257114258911189,-0.13441597807793054
242,-0.14246364686124893,-0.14987307307387615,-0.15666289754861482,-0.16285176111826727,-0.16845830461563588,-0.17350116887352346,-0.17799899472473202,-0.18197042300206429
243,-0.18543409453832266,-0.1884086501663093,-0.19091273071882725,-0.19296497702867837,-0.19458402992866533,-0.19578893636332895,-0.19660036772416295,-0.1970375884674898
244,-0.19711261086198906,-0.1968356341294314,-0.1962168574915865,-0.1952664801702247,-0.19399470138711533,-0.19241172036402943,-0.19052773632273606,-0.18835294848500597
245,-0.18589755607260827,-0.18317175830731397,-0.18018575441089205,-0.17694974360511356,-0.17347392511174792,-0.16976849815256517,-0.16584366194933514,-0.16170961572382844
246,-0.15737655869781464,-0.15285469009306407,-0.13282375929683699,-0.13397054383726706,-0.1350836447545527,-0.13616298288297018,-0.13720847905679595,-0.13822005411030705
247,-0.13919762887777987,-0.14014112419349106,-0.14105046089171722,-0.14192555980673516,-0.1427663417728212,-0.14357272762425224,-0.14434463819530485,-0.14508199432025554
248,-0.14578471683338118,-0.14645272656895814,-0.14708594436126318,-0.14768429104457295,-0.14824768745316402,-0.1487749071584676,-0.1492601346805325,-0.14969640727656242
249,-0.1500767622037606,-0.1503942367193304,-0.15064186808047547,-0.15081269354439947,-0.15089975036830544,-0.15089607580939696,-0.150794732923868,-0.15058892633608206
250,-0.15027203995822988,-0.14983749607471097,-0.14927871696992506,-0.14858912492827198,-0.14776214223415107,-0.14679119117196215,-0.14566969402610508,-0.14439107308097937
251,-0.14294875062098444,-0.1413361489305202,-0.1395466902939864,-0.13757379699578243,-0.1354108913203082,-0.1330521254090251,-0.13049457083164362,-0.12773733626306655
252,-0.12478475937072232,-0.12164248507017027,-0.11831615827696976,-0.11481142390668025,-0.11113392687486133,-0.10728931209707229,-0.10328322448887256,-0.09912130896582162
253,-0.09480921044347877,-0.09035257383740346,-0.08575704406315529,-0.08102826603629355,-0.07617188467237761,-0.07119354488696697,-0.06609889159562107,-0.0608935697138992
254,-0.05558322415736093,-0.050173499841565716,-0.04467004168207285,-0.03907849459444193,-0.03340450349423198,-0.027653713297003113,-0.021831768918314037,-0.015944315273724696
255,-0.009996997278794245,-0.003995459849082131,0.0020546520998521167,0.008147693652449203,0.014277963867409774,0.020439537700474963,0.026625607972147546,0.03282606306493324
256,0.03902996525183944,0.045226376805873075,0.051404360000041255,0.057552977107351064,0.06366129040080981,0.0697183621534241,0.07571325463820139,0.08163503012814889
257,0.0874727508962737,0.09321547921558222,0.09885227735908206,0.10437220759978039,0.10976433221068409,0.11501771346480051,0.12012141363513638,0.12506449499469907
258,0.1298360198164954,0.13442505037353303,0.1388206489388184,0.14301187778535893,0.1469877991861615,0.15073747541423338,0.15424996874258162,0.1575143414442134
259,0.1605196557921355,0.1632549740593553,0.1657093585188798,0.16787187144371613,0.16973157510687126,0.1712775317813524,0.17249880374016674,0.1733844532563213
260,0.17392354260282286,0.1741051371228949,0.17391833033286175,0.173352282388208,0.1723961693366541,0.1710391672259205,0.16927045210372776,0.1670792000177967
261,0.16445458701584742,0.16138878607913215,0.15788768744816561,0.15396709639754524,0.14964454772700556,0.144937576236281,0.13986371672510647,0.13444050399321647
262,0.12868547284034587,0.12261615806622914,0.11625009447060078,0.10960481685319583,0.1026978600137486,0.09554675875199403,0.0881690478676665,0.08058226216050073
263,0.07280393643023171,0.06485160547659354,0.056742804099321184,0.04849506709814924,0.04012592927281253,0.031652925423045486,0.02309359034858262,0.01446545884915916
264,0.005786065724509015,-0.0029270542256323584,-0.011656366201531085,-0.020384335403452136,-0.029093427031660915,-0.037766106286422504,-0.046384838368002654,-0.05493208847666653
265,-0.06339032181267958,-0.07174200357630653,-0.07996959896781422,-0.08805557318746648,-0.095982391435529,-0.10373251891226803,-0.11128842081794786,-0.11863256235283413
266,-0.12574734490168393,-0.13261491458721988,-0.13921779572188303,-0.1455402806390148,-0.15156710367718362,-0.1572829991749575,-0.1626727014709045,-0.16772094490359254
267,-0.17241246381158978,-0.1767319925334637,-0.18066426540778302,-0.18419401677311525,-0.1873059809680287,-0.1899848923310911,-0.19221548520087042,-0.19398249391593497
268,-0.1952706528148525,-0.19606464016127467,-0.19634890991918474,-0.19610783238001667,-0.19532566744466678,-0.1939890044922966,-0.19209782457392252,-0.1896703192895052
269,-0.1867286436072665,-0.18329495249542838,-0.17939140092221262,-0.17504014385584113,-0.17026333626453596,-0.16508313311651865,-0.15952168938001127,-0.15360116002323596
270,-0.14734370001441438,-0.14077146432176824,-0.13390660791351972,-0.12677128575789054,-0.11938765282310262,-0.11177786407737805,-0.10396346219851317,-0.09596354070260431
271,-0.08779658081532196,-0.07948106376233706,-0.07103496875268242,-0.062474266928837854,-0.05381442741664545,-0.04507091934194739,-0.03625921183058553,-0.027394774008401748
272,-0.018493075001238354,-0.009569583934936968,-0.0006397699353398456,0.00828089787171106,0.017176950360373658,0.026032918404806135,0.03483333287916647,0.04356272465761264
273,0.05220562461430245,0.06074656362339406,0.0691700725590456,0.0774606822954149,0.08560292370666005,0.09358132766693898,0.10138042505040956,0.10898474673123011
274,0.11637882358355846,0.12354718648155268,0.13047436629937054,0.13714489391117024,0.14354330019110997,0.14965411601334727,0.1554618722520405,0.16095109978134747
275,0.16610632947542625,0.1709120922084349,0.17535291885453158,0.17941334028787367,0.18307942764559987,0.18634341311676722,0.1891990691534137,0.19164016820757662
276,0.19366316112878526,0.19527521235653608,0.19648616472781605,0.197305861079613,0.19774414424891476,0.19781085707270918,0.1975158393489042,0.19686891871909312
277,0.19587991978578784,0.19455866715150272,0.19291496955512474,0.19095857228103857,0.1886992047500029,0.18614659638277636,0.18331047660011796,0.18020057482278648
278,0.17682662047154052,0.1731983429671389,0.1693254717303404,0.16521773618190363,0.16088486574258798,0.15633658983315135,0.15158263787435322,0.14663273928695192
279,0.14149662349170644,0.13618401990937548,0.13070465796071778,0.1250682670664922,0.11928457664745734,0.11336331612437199,0.10731421491799535,0.10114700244908544
280,0.0948714081384017,0.08849716140670275,0.08203399167474708,0.07549162836329368,0.0688798008931012,0.062208238684928696,0.05548667115953462,0.04872482773767761
281,0.04193243784011694,0.0351192308876111,0.02829493630091881,0.02146928350079884,0.014652001908009998,0.0078528209433113,0.0010814700274612427,-0.005652321418781414
282,-0.012338823974657492,-0.018968308219409133,-0.025531044732276714,-0.032017304092501794,-0.03841735687932571,-0.04472219178932804,-0.050926129469617776,-0.05702604660933347
283,-0.06301927937878557,-0.06890316394828609,-0.07467503648814601,-0.08033223316867562,-0.08587209016018794,-0.09129194363299308,-0.09658912975740187,-0.10176098470372638
284,-0.10680484464227734,-0.11171804574336622,-0.1164979241773039,-0.12114181611440186,-0.12564705772497126,-0.1300109851793233,-0.13423093464776925,-0.13830424230062008
285,-0.14222824430818737,-0.14600027684078198,-0.14961767606871534,-0.15307777816229845,-0.15637791929184283,-0.15951543562765963,-0.16248766334005976,-0.1652919385993546
286,-0.16792559757585546,-0.17038597643987352,-0.17267041136172,-0.17477623851170604,-0.17670079406014294,-0.1784414141773416,-0.1799954350336136,-0.1813601927992701
287,-0.18253426196806743,-0.18352117032754262,-0.18432568398867838,-0.18495256906245655,-0.18540659165986018,-0.1856925178918712,-0.1858151689116558,-0.18577960622956885
288,-0.18559102715195552,-0.18525464917361212,-0.18477568978933576,-0.18415936649392298,-0.18341089678217076,-0.1825354981488757,-0.18153838808883477,-0.18042478409684443
289,-0.17919990366770172,-0.1778689642962034,-0.1764371834771459,-0.17490977870532626,-0.17329196747554132,-0.17158896728258755,-0.16980599562126206,-0.16794826998636136
290,-0.16602100787268223,-0.16402942677502158,-0.1619787441881761,-0.15987417760694264,-0.15772094452611787,-0.15552426244049833,-0.15328934884488107,-0.1510214212340626
291,-0.14872569710284034,-0.14640739394601027,-0.14407172925836959,-0.14172392053471508,-0.1393691852698432,-0.13701274095855087,-0.13465980509563497,-0.1323155951758921
292,-0.12998532869411902,-0.12767422314511276,-0.12538749602366983,-0.12313036482458693,-0.1209080470426611,-0.11872576017268875,-0.11658872170946707,-0.11450174303605419
293,-0.11246801108855539,-0.1104896556474654,-0.10856620231778885,-0.10669652566065836,-0.10487950023720628,-0.10311400060856513,-0.10139890133586753,-0.09973307698024586
294,-0.09811540210283269,-0.09654475126476035,-0.09501999902716168,-0.09354001995116842,-0.09210368859791383,-0.0907098795285301,-0.08935746730414977,-0.08804532648590506
295,-0.08677233163492874,-0.08553735731235318,-0.08433927807931087,-0.08317696849693441,0.013483058289497661,0.013332035105538872,0.01317347567280938,0.01300725810314108
296,0.012833260508366001,0.012651361000316207,0.012461437690824032,0.012263368691721411,0.0120570321148404,0.011842306072013151,0.011619068675071769,0.01138719803584824
297,0.011146572266174853,0.01089706947788352,0.010638567782806366,0.010370945292775609,0.010094080119623206,0.009807850375181237,0.009512134171281888,0.00920680961975726
298,0.008891754832439303,0.00856684792116027,0.008231966997752346,0.007886990174047261,0.007531795561877363,0.0071662612730746585,0.006790265419471347,0.006403686112899458
299,0.0060064272641813035,0.00559853435230938,0.005180232144103004,0.004751783778590125,0.004313452394799416,0.0038655011317590762,0.003408193128497208,0.002941791524042373
300,0.002466559457422631,0.001982760067666586,0.001490656493802256,0.0009905118748579668,0.0004825893498621118,-3.284794215703893e-05,-0.0005555368621711337,-0.0010852142711519318
301,-0.0016216170300711215,-0.0021644819999004188,-0.0027135460416114997,-0.0032685460161760646,-0.0038292187845658104,-0.0043953012077526665,-0.004966530146707913,-0.005542642462403512
302,-0.006123375015811113,-0.006708464667902418,-0.007297648279649089,-0.007890662712023024,-0.008487244825995548,-0.009087131482538702,-0.00969005954262402,-0.01029576586722333
303,-0.010903987317308194,-0.0115144607538505,-0.012126923037821601,-0.0127411110301936,-0.013356761591937931,-0.013973611584026508,-0.014591397867430612,-0.015209857303122541
304,-0.015828726752073554,-0.016447743075255573,-0.017066643133640164,-0.017685163788199044,-0.018303041899904,-0.018920014329726707,-0.019535817938638813,-0.020150189587612017
305,-0.02076286613761815,-0.021373584449628807,-0.02198208138461577,-0.022588093803550455,-0.023191358567404875,-0.02379161253715066,-0.02438859257375951,-0.02498203553820305
306,-0.025571678291453247,-0.02615725769448131,-0.026738510608259165,-0.02731517389375871,-0.02788698441195159,-0.028453679023809346,-0.029014994590303708,-0.029570667972406445
307,-0.030120436031089413,-0.03066403562732385,-0.031201203622081848,-0.031731676876334915,-0.03225519225105507,-0.032771486607213594,-0.03328029680578258,-0.03378135970773337
308,-0.034274412174037865,-0.03475919106566755,-0.03523543324359469,-0.035702875568790385,-0.036161254902226464,-0.036610308104874874,-0.03704977203770693,-0.03747938356169478
309,-0.03789887953780976,-0.03830799682702392,-0.03870647229030861,-0.0390940458588519,-0.03947048563694257,-0.03983562636802976,-0.040189318687798854,-0.04053141323193499
310,-0.04086176063612277,-0.041180211536048,-0.04148661656739537,-0.041780826365850135,-0.042062691567097715,-0.04233206280682287,-0.04258879072071102,-0.042832725944447106
311,-0.04306371911371636,-0.04328162086420396,-0.04348628183159503,-0.04367755265157485,-0.043855283959828135,-0.044019326392040495,-0.044169530583896825,-0.044305747171082446
312,-0.04442782678928231,-0.04453562007418172,-0.044628977661465494,-0.04470775018681936,-0.044771788285928135,-0.04482094259447682,-0.044855063748150834,-0.044874002382635135
313,-0.044877609133614924,-0.0448657346367753,-0.04483822952780143,-0.04479494444237836,-0.04473573001619187,-0.044660436884926186,-0.04456891568426714,-0.044461017049899194
314,-0.044336591617508296,-0.044195490022778866,-0.04403756290139643,-0.04386266088904603,-0.043670634621413226,-0.04346133473418258,-0.0432346118630398,-0.04299031664366882
315,-0.04272829971175633,-0.04244841170298663,-0.042150503253045,-0.04183442499761657,-0.04150002757238675,-0.041147161613040335,-0.04077567775526241,-0.040385426634738604
316,-0.039976258887153594,-0.03954802514819272,-0.03910057605354128,-0.03863376223888399,-0.03814743433990624,-0.03764144299229328,-0.037115638831730025,-0.03656987249390194
317,-0.036003994614493974,-0.03541785582919139,-0.034811306773678975,-0.03418425415855892,-0.033536828994100494,-0.03286924596312331,-0.03218183013898396,-0.03147493419267286
318,-0.030748910795179926,-0.03000411261749595,-0.029240892330611445,-0.028459602605516145,-0.027660596113200958,-0.026844225524656325,-0.02601084351087224,-0.02516080274283934
319,-0.02429445589154792,-0.02341215562798836,-0.022514254623150994,-0.021601105548026488,-0.020673061073604657,-0.0197304738708763,-0.018773696610831753,-0.017803081964461204
320,-0.016818982602755307,-0.015821751196704183,-0.01481174041729836,-0.013789302935528089,-0.01275479142238399,-0.011708558548856024,-0.01065095698593501,-0.009582339404610965
321,-0.008503058475874556,-0.007413466870715993,-0.006313917260125715,-0.005204762315094091,-0.004086354706611492,-0.0029590471056682444,-0.0018231921832548154,-0.000679142610361283
322,0.0004727489420214559,0.0016321298029032677,0.0027986473012940466,0.003971948766202993,0.005151681526639959,0.006337492911614506,0.0075290302501364315,0.008725940871214963
323,0.009927872103860133,0.011134471277081295,0.012345385719888274,0.013560262761290465,0.014778749730297733,0.01600049395591971,0.017225142767165594,0.01845234349304549
324,0.019681743462568818,0.020912990004745197,0.02214573044858424,0.023379612123095667,0.024614282357289116,0.025849388480174082,0.027084577820760347,0.02831949770805728
325,0.02955379547107473,0.030787118438822272,0.03201911394030943,0.033249429304546135,0.03447771186054145,0.03570360893730559,0.036926767863847895,0.03814683596917802
326,0.03936346362138442,0.040576313344872564,0.04178505070312616,0.042989341259629305,0.04418886644149199,0.04538337113032673,0.04657261607137225,0.04775636200986701
327,0.04893436969104936,0.050106399860158024,0.05127221326243128,0.05243157064310773,0.05358423274742609,0.05472996032062473,0.05586851410794198,0.05699965485461675
328,0.058123143305887026,0.05923874020699177,0.060346206303169336,0.06144530233965827,0.06253578906169716,0.0636174272145239,0.06468997754337785,0.06575320079349714
329,0.0668068577101201,0.06785070903848582,0.06888451552383228,0.06990803791139824,0.07092103694642196,0.07192327337414224,0.0729145079397974,0.07389450138862604
330,0.07486301446586671,0.07581980791675773,0.07676464248653792,0.07769727892044541,0.078617477963719,0.07952500036159729,0.08041960685931823,0.08130105820212108
331,0.0821691151352438,0.08302353840392517,0.08386408875340359,0.08469052692891768,0.08550261367570577,0.08630010973900647,0.08708277586405856,0.08785037279609972
332,0.08860266128036931,0.08933940206210549,0.0900603558865471,0.09076528349893234,0.09145394564449957,0.09212610306848745,0.09278151651613485,0.09341994673267973
333,0.09404115446336091,0.0946449004534169,0.09523094544808598,0.09579905019260701,0.09634897543221825,0.09688048191215833,0.09739333037766562,0.09788728157397877
334,0.0983620962463362,0.0988175351399765,0.09925335900013812,0.09966932857205961,0.10006520460097948,0.10044074783213623,0.10079571901076836,0.10112987888211425
335,0.10144298819141281,0.10173480768390211,0.10200509810482085,0.10225362019940762,0.1024801347129008,0.10268440239053889,0.10286618397756045,0.10302524021920419
336,0.10316133186070812,0.10327421964731133,0.103363664324252,0.10342942663676857,0.10347126733009981,0.10348894714948433,0.10348222684015991,0.10345086714736576
337,0.10339468385852442,0.10331373311824614,0.10320820686713236,0.10307831723423616,0.10292427634861018,0.1027462963393074,0.10254458933538074,0.1023193674658832
338,0.10207084285986763,0.10179922764638692,0.10150473395449412,0.10118757391324196,0.10084795965168343,0.1004861032988714,0.10010221698385892,0.09969651283569884
339,0.099269202983444,0.09882049955614736,0.09835061468286184,0.09785976049264035,0.09734814911453601,0.09681599267760127,0.09626350331088963,0.09569089314345325
340,0.09509837430434578,0.09448615892261969,0.09385445912732822,0.09320348704752393,0.09253345481226002,0.09184457455058936,0.09113705839156469,0.090411118464239
341,0.08966696689766526,0.08890481582089646,0.08812487736298533,0.08732736365298499,0.08651248681994815,0.08568045899292759,0.08483149230097693,0.08396579887314833
342,0.08308359083849504,0.08218508032606986,0.0812704794649258,0.08034000038411573,0.07939385521269243,0.0784322560797092,0.07745541511421845,0.07646354444527347
343,0.0754568562019271,0.07443556251323208,0.07339987550824165,0.0723500073160084,0.07128617006558535,0.07020857588602557,0.06911743690638177,0.06801296525570691
344,0.0668953730630539,0.06576487245747584,0.06462167556802528,0.06346599452375554,0.06229804145371921,0.061118028486969414,0.0013541920743280755,0.0015284622226635625
345,0.0017043832667692493,0.001881945466847057,0.0020611390830989063,0.00224195437572694,0.002424381604932857,0.002608411030918769,0.0027940329138864684,0.0029812375140380043
346,0.003170015091575329,0.003360355906700363,0.0035522502196150413,0.003745688290521354,0.0039406603796211526,0.004137156747116455,0.004335167653209182,0.004534683358101255
347,0.00473569412199476,0.004938190205091453,0.00514216186759342,0.005347599369702305,0.005554492971620695,0.005762832933550011,0.005972609515692229,0.006183812978249437
348,0.006396433581423611,0.006610461585416616,0.006825887250430318,0.007042700836666804,0.00726089260432794,0.007480452813615646,0.007701371724732092,0.007923639597879006
349,0.008147246693258281,0.008372183271072142,0.008598439591521956,0.008826005914810309,0.00905487250113901,0.009285029610709872,0.009516467503724702,0.009749176440385643
350,0.009983146680894728,0.010218368485453766,0.010454832114264678,0.010692527827529455,0.01093144588545003,0.011171576548228423,0.011412910076066485,0.011655436729166135
351,0.011899146767729407,0.012144030451958221,0.012390078042054525,0.012637279798220158,0.012885625980657359,0.013135106849567757,0.013385712665153426,0.013637433687616385
352,0.013890260177158442,0.01414418239398163,0.01439919059828787,0.014655275050279082,0.01491242601015716,0.015170633738124217,0.015429888494382094,0.015690180539132736
353,0.015951500132578067,0.016213837534920117,0.016477183006360807,0.016741526807102003,0.01700685919734568,0.017273170437293886,0.017540450787148387,0.01780869050711137
354,0.018077879857384627,0.018348009098170026,0.018619068489669606,0.01889104829208535,0.01916393876561928,0.019437730170472983,0.019712412766848764,0.019987976814948516
355,0.020264412574974022,0.02054171030712748,0.020819860271610757,0.021098852728625328,0.02137867793837378,0.021659326161057812,0.021940787656879387,0.022223052686040412
356,0.022506111508742876,0.022789954385188604,0.023074571575580016,0.02335995334011821,0.023646089939005854,0.023932971632444566,0.024220588680636382,0.02450893134378318
357,0.024797989882087146,0.025087754555749964,0.025378215624973638,0.02566936334996006,0.025961187990911405,0.026253679808029506,0.026546829061516064,0.026840626011573443
358,0.027135060918403148,0.02743012404220746,0.027725805643188217,0.02802209598154759,0.028318985317486778,0.028616463911208534,0.028914522022914613,0.02921314991280699
359,0.02951233784108709,0.029812076067957438,0.03011235485361982,0.030413164458276132,0.030714495142128373,0.031016337165378438,0.031318680788228304,0.031621516270879946
360,0.031924833873535174,0.032228623856396243,0.03253287647966463,0.03283758200354264,0.03314273068823215,0.03344831279393512,0.033754318580853315,0.034060738309188876
361,0.03436756223914372,0.03467478063091972,0.0349823837447189,0.03529036184074319,0.03559870517919439,0.0359074040202747,0.036216448624185826,0.036525829251129904
362,0.03683553616130886,0.037145559614924495,0.03745588987217885,0.03776651719327384,0.03807743183841139,0.03838862406779375,0.03870008414162229,0.03901180232009935
363,0.0393237688634267,0.03963597403180663,0.039948408085440645,0.040261061284531,0.040573923889279495,0.040886986159888394,0.041200238356558616,0.04151367073949323
364,0.04182727356889426,0.0421410371049622,0.04245495160790069,0.04276900733791074,0.043083194555194604,0.04339750351995386,0.04371192449239114,0.04402644773270792
365,0.04434106350110634,0.04465576205778782,0.04497053366295495,0.045285368576809426,0.04560025705955306,0.045915189371388054,0.04623015577251621,0.04654514652313957
366,0.046860151883460155,0.047175162113679336,0.04749016747399981,0.04780515822462317,0.04812012462575127,0.04843505693758621,0.04874994542033001,0.04906478033418449
367,0.04937955193935162,0.049694250496033154,0.05000886626443145,0.05032338950474813,0.050637810477185186,0.050952119441944804,0.0512663066592286,0.0515803623892388
368,0.05189427689217706,0.052208040428245506,0.05252164325764608,0.052835075640580764,0.05314832783725132,0.053461390107859774,0.05377425271260844,0.054086905911698735
369,0.05439933996533286,0.05471154513371257,0.055023511677040005,0.055335229855517115,0.055646689929345794,0.05595788215872788,0.05626879680386554,0.05657942412496053
370,0.056889754382214885,0.057199777835830634,0.057509484746009365,0.05781886537295344,0.058127909976864664,0.05843660881794488,0.05874495215639619,0.05905293025242048
371,0.0593605333662196,0.05966775175799577,0.05997457568795048,0.060280995416286176,0.06058700120320431,0.06089258330890723,0.06119773199359679,0.061502437517474744
372,0.06180669014074325,0.062110480123604095,0.062413797726259546,0.06271663320891105,0.06301897683176089,0.06332081885501095,0.06362214953886325,0.06392295914351953
373,0.06422323792918197,0.06452297615605229,0.0648221640843325,0.06512079197422477,0.06541885008593074,0.06571632867965249,0.06601321801559212,0.06630950835395122
374,0.06660518995493203,0.06690025307873626,0.06719468798556605,0.06748848493562334,0.06778163418910976,0.06807412600622786,0.06836595064717929,0.06865709837216571
375,0.06894755944138942,0.06923732411505212,0.06952638265335587,0.0698147253165029,0.07010234236469481,0.07038922405813361,0.07067536065702118,0.07096074242155959
376,0.07124535961195072,0.0715292024883965,0.07181226131109897,0.07209452634026015,0.07237598783608157,0.0726566360587656,0.07293646126851401,0.07321545372552883
377,0.0734936036900119,0.07377090142216547,0.07404733718219092,0.07432290123029056,0.07459758382666637,0.07487137523152021,0.07514426570505384,0.07541624550746978
378,0.07568730489896947,0.07595743413975486,0.07622662349002818,0.07649486320999088,0.07676214355984551,0.0770284547997937,0.07729378719003743,0.07755813099077857
379,0.07782147646221921,0.07808381386456126,0.07834513345800675,0.07860542550275729,0.07886468025901514,0.07912288798698208,0.07938003894686035,0.07963612339885157
380,0.07989113160315786,0.08014505381998083,0.080397880309523,0.0806496013319859,0.08090020714757151,0.08114968801648192,0.08139803419891911,0.08164523595508483
381,0.08189128354518083,0.08213616722941,0.08237987726797336,0.08262240392107278,0.08286373744891096,0.08310386811168935,0.08334278616960988,0.08358048188287448
382,0.08381694551168564,0.08405216731624465,0.08428613755675363,0.08451884649341468,0.08475028438642962,0.08498044149600048,0.08520930808232907,0.08543687440561731
383,0.08566313072606746,0.08588806730388113,0.08611167439926048,0.08633394227240732,0.08655486118352362,0.08677442139281144,0.08699261316047258,0.08720942674670906
384,0.08742485241172271,0.08763888041571555,0.08785150101888983,0.08806270448144708,0.08827248106358937,0.0884808210255186,0.08868771462743685,0.08889315212954596
385,0.08909712379204793,0.08929961987514462,0.08950063063903807,0.0897001463439302,0.08989815725002295,0.09009465361751823,0.09028962570661805,0.09048306377752446
386,0.09067495809043902,0.09086529890556405,0.09105407648310132,0.09124128108325286,0.09142690296622069,0.09161093239220652,0.09179335962141241,0.09197417491404036
387,0.09215336853029232,0.09233093073037016,0.09250685177447582,0.09268112192281136,0.09285373143557862,0.09302467057297958,0.09319392959521611,0.09336149876249036
388,0.09352736833500408,0.09369152857295926,0.09385396973655788,0.09401468208600189,0.09417365588149318,0.09433088138323376,0.09448634885142548,0.0946400485462704
389,0.0947919707279703,0.09494210565672756,0.09509044359274366,0.09523697479622051,0.09538168952736048,0.09552457804636516,0.09566563061343669,0.09580483748877694
390,0.09594218893258777,0.09607767520507132,0.0962112865664293,0.09634301327686388,0.09647284559657684,0.09660077378577023,0.09672678810464608,0.09685087881340593
391,0.09697303617225217,0.09709325044138661,0.09721151188101118,0.09732781075132779,0.09744213731253837,0.097554481824845,0.09766483454844943,0.09777318574355376
392,0.09787952567035996,0.09798384458906989,0.09808613275988542,0.0981863804430087,0.09828457789864142,0.09838071538698578,0.09847478316824354,0.09856677150261672
393,0.09865667065030727,0.09874447087151716,0.09883016242644826,0.09891373557530261,0.0989951805782821,0.09907448769558866,0.0991516471874243,0.09922664931399083
