,emd_涨跌幅_cy_1,emd_涨跌幅_cy_2,emd_涨跌幅_cy_3,emd_涨跌幅_cy_4,emd_涨跌幅_cy_5,emd_涨跌幅_cy_6,emd_涨跌幅_cy_7
0,0.29832318973459504,-1.972296000678754,1.849848274941741,-1.2059733668456445,-1.2459644896702946,1.0955129228340166,-1.165342212714763
1,1.36945876977482,-0.2609917981004968,-1.7320512610964158,-1.1728484154496748,1.7399933091319246,0.059579427350712755,-1.034574134979397
2,-1.3438488492665939,1.2049140177651458,-1.0366584500005434,0.8492301666258218,0.7958577719426323,-1.0679102054554166,1.7780898084427412
3,-2.6898648067898803,3.331180999496808,1.686320639776102,-3.257950230205494,-1.7279227847930976,2.3324017036639106,0.2221331972409234
4,-0.6391713361034174,-1.056843176939652,0.640869938622588,-0.24537746116608763,0.056866078913905195,-0.25921166376320776,0.2805566127824713
5,1.5084308151158532,-2.1336796957033908,2.5753631190591193,-0.42189624130663483,-2.9229873546935012,-2.550763871343248,2.61901772069885
6,0.8467592700348645,-1.7196011903402149,1.2184863511346704,-0.9165771181418685,0.9209177357986011,-1.0593574038973275,1.0840793121896195
7,-0.9652224176033717,-0.7040848715158514,0.7978348453328661,-0.9142140870665469,0.2458624911843963,1.3664796458312447,-1.1490908544470972
8,-1.535295264355247,-0.2557306036923504,1.227121070747861,1.0853703714102787,-0.7716163753111289,0.6582101766739336,-0.6947884183713604
9,0.8756638891571997,0.11165579764076716,-1.4338472345586317,1.6920597041328858,-1.9003220108462913,-0.7022152011948417,2.1172767359994022
10,-0.5050504233178104,-0.9306102554646252,-1.1703686748251638,-1.4752915957835473,1.1840688107676132,-1.0883795078647525,1.4174710393207821
11,1.3961717682567998,-2.6496515313677316,2.751197500629738,-2.2691119959618353,1.5823816090559546,-1.226377465229388,1.3884341627958192
12,-1.812019664621099,-1.6702088753297448,2.2208328401874597,-1.979717966740364,1.6722012479543584,-1.6345536179473013,-1.2810770980766963
13,1.002728436409075,2.695191738715877,0.48984287396167003,-2.518982845087211,1.9398866047470573,-1.3044289350227432,-0.8205982883545617
14,0.6808338186692858,-0.01628386816503513,-0.6940386525552107,0.6231598052542545,-0.45251488020024994,-0.24789967890819928,0.31522176889554937
15,-0.5382196583214742,0.856740322257034,-0.9649525689659973,0.6862670757855975,-0.2737629730412672,-0.046713982465067874,0.5918493777424016
16,-1.5581048469573,2.5120126132964167,-2.69982779909311,2.008198731220838,-1.0444114281301653,0.4377533041865739,0.04874498542305164
17,-0.5698740959082423,0.8910373783270541,-1.1311654738829053,0.12675158614645088,1.2190679222178469,-1.1439510573730023,1.120725462727088
18,-1.2327908825594207,1.4157010807075396,-1.476543250288716,-1.5860789880292598,-1.6150146396200729,-1.1755503261654037,1.1097473752374611
19,1.2982202734929742,-1.2909847055123034,0.23436261903745126,1.3417486929434284,-1.1660600152876242,0.8582600636140477,-0.6674765809850209
20,0.7808557230680917,-1.0964663036127529,-1.0062384863862437,1.5359768330381187,0.21052015263696233,-1.248615416188109,0.9854106494704369
21,-0.8338360351078622,0.8988814383994941,-1.1963838242764209,1.6972826884326513,-2.3191345334402227,2.0534151665022966,3.243496118288519
22,-3.1890359062272897,2.766015709275577,-0.10499819038448777,-1.8677232341786556,1.928407364660669,-2.3535207567592664,2.1844809714244393
23,3.0643485527411753,-2.809051679549588,-0.1380913117929906,0.5108781872322739,0.5361344536522621,-0.2652174759171656,0.5573403449107354
24,-0.2484712926560554,-1.7860229622990955,1.9342036783346004,-1.6197147361101678,0.1409358105712854,0.8981089370263992,-0.6544401162860755
25,-1.3535893338137859,1.7105577525355349,0.12761664299563924,-1.421084123215794,0.7524082043020099,-0.2640491110929968,0.43491584478139217
26,-1.1275820228528888,1.8664860516402557,0.14841042802432314,-2.7318354952855035,0.4170250129512614,1.7313923108673515,2.6539476633185592
27,-2.261127547165259,-0.13090177855337082,1.1900553840775294,-0.8382264261380521,0.8030172295203475,-0.9460932852113799,0.9305443437504233
28,-0.6675238439904629,0.46132373612509303,-0.5989601378493816,0.9776640793433573,-1.2674240515630526,1.1436854525209528,1.1821775514851809
29,-1.026308748705545,0.9529736002012876,-0.9142602311982175,0.7559553611961467,-0.46549113116304713,0.26089013669985905,-0.3716504912887296
30,0.7899464757529155,-1.5668375467339501,-1.622083434096088,1.5638871156119447,1.0839256227062637,-0.550653229578659,0.11693853937408664
31,-0.08388252068564499,0.4785272645124873,-1.0342461710248392,1.430329494561274,-0.2945832289687545,-1.517322977154468,1.432522757624732
32,0.5901506176094847,-1.452320420834878,0.3916925064726331,1.7171864278079827,0.6074930987527702,-0.07913097998385044,-1.3456981214108334
33,-1.789491711366923,-1.8476916186741539,1.217002448359136,1.0821367567299487,-0.6834271530884857,0.7372288209807387,-0.6852423238511894
34,-1.6315980158426089,2.243888886927727,-2.768201153097767,-2.268002130619122,-2.1870721787211043,0.7104653743922351,3.350487200516837
35,-1.0952548225435819,-3.0915079929542575,0.008231771981921376,1.3919732543804137,2.7331014112112566,2.855001199444489,0.4863405828539227
36,-1.7030804475715429,-3.458178894039237,3.693755701847607,2.6804726663101084,-3.8245351121947255,-1.8096352424315403,1.231246576316486
37,2.7177951221365606,-0.17682895120189246,-1.5355614872005505,1.0642881442324723,0.21415375117297364,-0.10181711503786822,-0.8493361167203649
38,1.1813326071283679,-1.5674862274988808,1.8140180549986442,1.6541308280358025,-1.7208096329496596,0.7409516403347112,1.2898632436447643
39,-1.1107870549830792,0.9982246876767783,0.07482503299401011,-1.056100621070839,1.241143925515174,-1.3873840394713879,1.3127983220896953
40,0.5995640157854668,-0.8280978374455845,0.8945403211874787,-1.3902681202749956,-1.6617192797181217,1.7495851478385949,-1.4091255789802868
41,1.1362095252094615,-1.6099905066826141,2.719442161954145,-3.623094578816802,3.7736812926450094,-1.4875079623396823,-2.8171969766796274
42,2.576084631282492,-2.638470280194742,-0.3640525863494395,2.8581414795197544,1.0684406482515147,-2.7375956543814244,0.3338165336868314
43,2.604128624760804,0.2266410390870331,-2.5756172215584616,-1.276117823960361,2.165936309324339,-0.17821362120652562,-1.119818667063523
44,-0.9983090482246,0.18818074641121427,-0.1963342617339286,0.5491009686482233,1.210245886255132,-1.7976624788073174,0.11646209720491063
45,2.118736654072842,-1.7140874922376015,1.1216537895451881,-0.6338898049913055,-0.36035548469192225,0.3189611093769189,-0.3882283956023058
46,0.40694799334177423,0.6939788150699333,-0.8738766263812481,-0.6795451441392,0.9890580280188983,1.5195372178125335,-1.7941888823633276
47,2.062906118493741,-1.3954550275776458,-2.3652540346782684,-0.3628723861128712,2.092226839257083,-1.653748259002576,1.0409078536156406
48,-0.47478905551214823,0.2561255001922139,-0.4137578265457089,0.6468118579462168,-0.7399404335091884,0.8183829953257311,-1.057026354814285
49,1.3620679209632447,-1.5152172164612536,1.4569817346794562,1.2312331655075632,0.49903732935272516,-0.7986005796226304,-0.2167202939453325
50,0.5754587471007733,-0.5698882742522924,0.605264297730348,-0.4859201080838699,-0.9708693733534808,-0.9869150472557022,-0.1897892262228592
51,1.4496653500412222,-1.566529696294757,1.450854730347521,-1.1435008360664922,0.9081726517131503,0.5267074441226726,-1.1478484405738616
52,1.4178961258909961,-1.5416442414832618,0.32650762962298274,1.2632588953184878,0.7815742867177852,-1.0253324915263726,1.118243958497199
53,-0.8801945001587601,-0.9624018919833438,-1.4780535758195739,1.2556156292318985,-0.9027036983467005,-0.38937661335734736,0.576798558090974
54,-0.7771017606196636,1.096526694912098,-1.3429074757250175,-1.2328170970854901,1.2819156416343285,1.3872853691582518,-1.2953624551533112
55,0.19184153623509054,1.1160413735490358,-0.46774749029420704,-1.1475998108002765,1.3638950485808832,-0.2624371786402381,-1.9959795335327681
56,2.126992669623313,-0.5104906272857564,-0.41725055822518453,-0.5563669760731933,-0.07732253454556592,0.4681400545831941,0.5700570865977876
57,0.019612536282596016,-0.5505041885694599,-0.6197083580692478,-0.2388837748253979,0.31407596693597495,0.7446838574773139,0.7959475205321234
58,0.3225924728633009,-0.4112788301197562,-1.0392196983460216,-1.1393236464286858,-0.2751971741030975,1.025205345531314,1.4514034197516674
59,0.40342997733156694,-1.4155764152005763,-1.6757470784531812,-0.10609198860453006,1.3522919888879548,1.687732870271578,0.8433352504307108
60,-0.3921271835642105,-1.2010022305220724,-1.3860846951350045,-0.9108187196460357,0.05865196656517557,0.7678809902568566,0.9656132647278575
61,0.895496333528268,0.4459453472502984,-0.19089384315316796,-0.6525248412240052,-0.5213740213862157,-0.024050591449074454,0.4172162247535565
62,0.47306131681548574,0.19499755567498184,-0.24282056639440106,-0.38595976228606177,0.05655420119632715,0.3704562800347251,-0.14516433853201327
63,-0.42714220375950285,0.15234664722789737,0.5468944293199799,0.24727738665851978,-0.42348129996600836,-0.6874117074308845,-0.39049869836017004
64,0.10651273541914574,0.43491109330774635,0.54370289808984,0.46793040610867853,0.26341092374997677,-0.004345386615405192,-0.17273393737586962
65,-0.1046534296799869,0.07058623332482002,0.04112808541068337,-0.10367791957040252,-0.14167313831366263,0.08165407657862292,0.2991975704568114
66,0.2428113780642824,-0.052065811925203404,-0.4239622323906909,-0.6623495456740016,-0.5633707382815722,-0.005977975903997956,0.8100855168696965
67,0.8675681342363515,-0.135706013380735,-0.8742312380301893,-0.7664257366075761,0.2307305191581761,0.7942869768467823,0.6698070824724562
68,0.12851812787647232,-0.6856582947846566,-0.7087034156167412,0.16953416991394676,0.7622708732967882,0.1031630162565606,-0.8392427758685919
69,-0.9687491573660628,-0.6578836508247106,-0.2250671401632076,0.12437306662292513,0.2899083496260699,0.5902048412902351,1.1870919636479431
70,1.2844513203967538,0.43301367504714205,-0.6683723293972934,-1.0961910274592537,-0.681649063509217,0.3337358373026219,0.9012043157135388
71,0.5728712471760418,-0.21674722185454096,-0.8979858134359027,-1.0112126539745172,-0.12234696759877134,1.0557936936485346,1.0506232959614434
72,0.0953590071709513,-0.6708150610957447,-0.11328733285206405,0.2777732618604542,-0.24808210325221525,0.09667680405710458,0.6371259392261663
73,0.021198766709213723,-0.9437970128662988,-1.3485602521102846,-0.6714634721956717,0.5005284500862225,1.2244768783065134,1.0623287187237611
74,0.05453717670803626,-0.5970605134577878,-0.20465457479706356,0.32150881063090997,0.33274865640479634,0.015778659946969906,-0.26423804315045774
75,-0.2403396841071906,-0.020140444369555754,0.26256342321785403,0.4168049751724452,0.12542208169765148,-0.3528562868507318,-0.5167943415380338
76,0.08893640775986489,0.5337727388801365,0.01984507176921288,-0.4754471303146527,-0.2749996512857684,0.16616697693915444,0.2894065666689714
77,0.12688544505390859,-0.1063191170424461,-0.17426102329387505,-0.05675212960703506,0.14668834402508588,0.21363826025432242,0.11312439559206008
78,-0.11115060778851833,-0.3062272887607286,-0.24921676390274206,0.2088568258204659,0.4282134294481461,0.07492611961990656,-0.6256936131448269
79,-0.3585637530096807,0.6833778095266072,1.188416084714884,0.20237778170175713,-1.1797843562581471,-1.8686656748508175,-1.8203149755324708
80,-1.2196038397289743,-0.33243301357395993,0.8813959359598409,1.9731728067892407,2.2512984807965073,1.1227952592528678,-0.5572330914072638
81,-1.5797426955114702,-1.1356641241740901,-0.007986023504927608,0.6353556828708398,0.2750008593045431,-0.2216207892407861,-0.03990189203494149
82,0.15477103622938587,-0.29752919595930066,-0.3554733223822279,0.23956166120555053,0.6405044969729953,0.5441944295167784,-0.07873660958691447
83,-0.8054218574330312,-1.1009450241257468,-0.5663702392253168,0.5599483084512474,1.3085122707115957,0.7762828500226663,-0.7042784812526215
84,-1.4210074068962872,-0.7673242098591533,0.2914965061036936,1.1585019434607773,1.4344081111862228,0.501847834304466,-0.855871744620379
85,-1.3379703221261001,-0.9487130332388224,-0.14390090581204013,0.5597865283249704,1.084701614999343,1.0694645891508467,0.2158299910070648
86,-0.5905950614178616,-0.726163871468249,-0.7173873170544517,-0.5738345423751641,-0.12712553012803893,0.33136055969707,0.2881036972613875
87,-0.004749916105196567,-0.10949502793347657,0.07344930517484896,-0.019464347349102594,-0.07616364770987774,0.13907119501548296,0.16441440427551615
88,-0.009827919722419115,-0.2559315877046756,-0.3969142369610401,-0.4827158389059894,-0.5977402527696607,-0.7048055018771666,-0.7439332068561911
89,-0.6781010757212614,-0.44811032185181987,-0.0030469480690473727,0.5878995257891709,1.0110594193712497,0.9199814171149425,0.18657047186083964
90,-0.7086039590580454,-0.9888931319426288,-0.6990287200907505,-0.1613903368456514,0.25399824146180433,0.527827695643204,0.6722128448948632
91,0.6828562384801186,0.559382860925896,0.3158942075897131,0.02282324527069507,-0.24064844009437608,-0.416843961987069,-0.45250872400139974
92,-0.2891086350640061,0.08341709663225697,0.4554611913783008,0.5605450094466491,0.21066512159362977,-0.3989847866778416,-0.8064985081543523
93,-0.6382252801628983,-0.055454602164348665,0.646659264831366,1.1794515985279552,1.2844239520408953,0.8091675372516883,-0.04165175461389681
94,-0.9006447557985999,-1.380563084883668,-1.0927864649884675,0.08599420091804544,1.1684214690440253,1.1451303996297078,0.40076620720661266
95,-0.4141983889844551,-0.6717900482366458,-0.32023920052425314,0.22874660596092597,0.39506240877842713,0.0779898765465303,-0.3365143720071241
96,-0.1396922238406764,0.3631218854838043,0.27635428518471783,-0.2059578234848683,-0.4852742693126355,0.052438876647225685,0.6280130921680818
97,0.3544904458375491,-0.8750459355834874,-0.49508956991287756,1.2508159865557777,0.4479508551499406,-1.6888886700211012,-1.078187387327033
98,1.2099552874828792,2.2461532384640304,1.294152396038079,-0.4694755422451553,-1.7006380844068094,-2.317237380407512,-2.548700544345195
99,-2.569685385251838,-2.4718572557217735,-2.0785603154117513,-1.2492880501781005,-0.13214185515372412,1.0212775430891794,1.8251006737507216
100,1.9763604915184696,1.6490892856140098,1.1333286156944093,0.5389451986942673,-0.166343758772995,-1.0417610699800575,-1.4413339555888116
101,-0.739726194632126,0.6579133323687573,1.3702459518930512,0.36701079073999343,-1.1221175335771791,-1.4222378913561788,-0.6297929920259449
102,0.5279099129519875,1.3514255603036465,1.4801483209661626,0.9036622621926688,-0.028994345117918874,-0.8817908706972749,-1.293708263627325
103,-1.0351574793786036,-0.0965056176648772,0.7448620783006812,0.8445665494697845,0.41885770042996257,-0.17745498305782686,-0.5023661029838122
104,-0.2049300199311439,0.37874714991285924,0.2400619868789178,-0.3712550661246665,-0.12950630088924628,0.4257652838728021,0.10852299730211701
105,-0.4474638173158153,-0.1545131840365345,0.3831983867186733,0.31374400673703656,-0.03621103639557195,-0.19002154096914828,-0.1242712734845398
106,0.008730494386808254,0.06707938817856934,0.026133566026704073,-0.07504100527750872,-0.14740703945634823,-0.12882194433920313,-0.0209795723798869
107,0.14971383302553826,0.3148170945735449,0.5277408257545115,0.75903127818629,0.5115481474428932,-0.4521056782030799,-1.0344510599072685
108,-0.4274637618404888,0.7736540381925086,1.0968543909320672,0.2385110733184055,-0.6157838433007189,-0.8789230584347668,-0.3899591612540291
109,0.27539702691276857,0.4948406768234142,0.24779575183091457,-0.13202959929548486,-0.22270689445680003,0.13526136511728198,0.23754303214066674
110,-0.1655437302968822,-0.40621360883128727,0.07841296493661615,0.6212665540527382,0.45169848830982084,-0.15179690628542303,-0.7201755460667174
111,-0.8352701652879524,-0.4513836507101564,0.21217991524842805,0.709722465608888,0.6728971762692812,0.22709685560986415,-0.3135133673375623
112,-0.3984246987169817,-0.06312295345914955,0.3389847932504862,0.2858428084939786,0.3340782546470687,0.37445567704195554,0.27429184988868066
113,0.08456354257560666,-0.13026148945768215,-0.3187047502668935,-0.43135407716799434,-0.4186172695838107,-0.25158962539176677,0.017906921769430595
114,0.31790250195503295,0.576427245220296,0.7300644441809487,0.7501147255723664,0.6190330280681293,0.3221086296868364,-0.1277421431715427
115,-0.6094244260488078,-0.9747987199722121,-1.1018264717618025,-0.9721636909689184,-0.5974734238104968,-0.03650851157080659,0.5619267319218202
116,1.0282008678611132,1.2306927088953596,1.188418468476458,0.9527901914525218,0.5738163176570744,0.10704287300372073,-0.3663680739182161
117,-0.7458540750175358,-0.9358408957126381,-0.8962174512138911,-0.6819165779238112,-0.36951861457668933,-0.03560389990681795,0.2489413205589291
118,0.4360071741233482,0.48317788129665373,0.3622498525957959,0.11405327933872123,-0.15762937405376873,-0.3368306223868376,-0.33517007612408944
119,-0.17461572836289768,0.07576767897000256,0.2688767912641853,0.27996139079944504,0.15086062554780566,-0.03802377210916849,-0.2065639741111899
120,-0.2744851798402038,-0.18817668576966634,-0.0008305209351608528,0.20711181175188317,0.35506246518394924,0.3762245487255259,0.26547169779220914
121,0.05749530492393845,-0.20650653717626383,-0.48251546674153317,-0.7084141281790319,-0.8054525981565142,-0.7424825605182581,-0.5143693018210769
122,-0.15885260424630443,0.27054908820758083,0.7228813392861467,1.1514856341937332,1.467771206653905,1.5723000721168967,1.3813015433371243
123,0.8915886525475119,0.18979538246149064,-0.6043960211929111,-1.3125786726086242,-1.7384709884378062,-1.7385520113645945,-1.3837497282234572
124,-0.7986043618864441,-0.10696262406955193,0.5666823387950636,1.079263917433831,1.290277864201859,1.1862503339302324,0.8593233052015572
125,0.41851787157008813,-0.03692116976173876,-0.4101930956794493,-0.6258218833546771,-0.6936303111034986,-0.6453723032284439,-0.5152275668334018
126,-0.33798225472260085,-0.14842251970027512,0.01866548542934951,0.13943511351985954,0.23409008675820617,0.334943019797637,0.4639446038160833
127,0.6004284492817491,0.7131695596716779,0.7694619410186363,0.7302526724231357,0.5586732253519835,0.2188670819109068,-0.2894526156590807
128,-0.8242940845757869,-1.2201694229646116,-1.3598848931225178,-1.1366611229097099,-0.4980422178605657,0.3662461735992688,1.1773771267538837
129,1.6046902854027898,1.5308392259887174,0.9535746992930269,0.11014421044969591,-0.7019633488488054,-1.2351644479688635,-1.4414970005122678
130,-1.3230200186829117,-0.8881861326633015,-0.21005605378369774,0.4741600706553653,0.9401987310903039,1.105762837975873,0.9510216418413147
131,0.5689032548593309,0.08052550461348823,-0.39470080050256073,-0.7624224458755038,-1.0020125314955017,-1.1074785836968235,-1.080396306699045
132,-0.9567364035343143,-0.7830453141683157,-0.5950464771139572,-0.38306253869398205,-0.12642097012678005,0.19413066559649794,0.5852125986298149
133,1.004336323480345,1.396736150743572,1.7031812627486276,1.8486824866053566,1.770415732559194,1.4486795739263858,0.9084227516711626
134,0.21063551827574833,-0.5292107661019952,-1.1783867733302753,-1.6029336678617685,-1.688937061363835,-1.4229619130910063,-0.8928238644261389
135,-0.21895240169609254,0.4127721551536919,0.7941801105211708,0.9202187423837587,0.8397799997847917,0.6071971583396815,0.3118437177221865
136,0.05207448225017236,-0.09293139289301702,-0.12499484179858528,-0.08344279440714075,-0.016461176470636198,0.026623710490265715,-0.0004000186138015359
137,-0.1084662948277975,-0.21411347948845832,-0.21165435928836573,-0.03001438726313016,0.2723510233059408,0.6047526474948806,0.8582064402617265
138,0.8535360032073995,0.47100516593657515,-0.14072234324184257,-0.7659567700243984,-1.2180078088776343,-1.3623927527084296,-1.239631497790532
139,-0.9125785667389125,-0.41661977328881517,0.13550061060339968,0.6127078792675439,0.9184076288154451,1.0345453551148067,0.9604958112301833
140,0.7097108642119672,0.3701912763426919,0.04887904103440205,-0.16768119947981966,-0.2745342076827507,-0.28712209723612847,-0.22202088247221635
141,-0.10513631119263563,0.017315444981507083,0.0943240836418589,0.08920264087605521,0.0225575067556585,-0.07068159015178363,-0.15558492127872292
142,-0.20120920636272416,-0.19417630096362237,-0.13157187935368558,-0.011917133826074205,0.15661517093676433,0.32448861198119694,0.4317798956405652
143,0.41726941574059895,0.24226170736162844,-0.022397441783501115,-0.27815285269691126,-0.4209536064427635,-0.3657020398364268,-0.18228053858556142
144,0.03498016542454169,0.2086647198814935,0.28072704101404494,0.25845617318087344,0.17111629410947926,0.04947594188371594,-0.07569634541255908
145,-0.17363202969548908,-0.21464962262420606,-0.18112768919546318,-0.08737926161175327,0.04457077355875026,0.1926975297478694,0.3349761203874292
146,0.45191731881457514,0.5343603564873892,0.5764233987678535,0.5724104295175971,0.5194363609939889,0.4255997431499551,0.3007697507845352
147,0.15455548280935766,-0.003433961863946511,-0.16461201927147734,-0.32431456071292175,-0.47822917432632905,-0.6218757437224076,-0.7507741525118667
148,-0.8604442843054138,-0.9473599074558884,-1.0132742849835081,-1.0667503874460462,-1.1178151411001314,-1.1749071189877764,-1.2425675652388923
149,-1.33357370655433,-1.4631588535813296,-1.6364403752050634,-1.8180372876583035,-1.962314322995144,-2.023601627665535,-1.9604130217462359
150,-1.7539085634100466,-1.4130781588116164,-0.9528232576943474,-0.388045309801645,0.24953481633801006,0.8609185770558188,1.330288009897909
151,1.545357950564222,1.440775515781254,1.0859249740744275,0.582991682380448,0.03752559603659539,-0.42738238659152455,-0.6689465710337148
152,-0.5945318281427543,-0.33420917164663033,-0.07501729500452889,0.07167210658463449,0.051336405674652266,-0.04075698807260034,-0.057513974830163024
153,0.09370749103485136,0.27321769701250387,0.30279161659587284,0.07099520330270992,-0.4518984864648506,-1.0169244053542394,-1.296689987335061
154,-1.17118324838472,-0.6065326666713168,0.20867330156317976,1.0283897945016336,1.6514348893945747,2.056078419763109,2.265453158195989
155,2.302691877281996,2.189227860963614,1.9391226095229628,1.5612258255641858,1.0678247394399993,0.5055068997606763,-0.07026081711641485
156,-0.6040115348339092,-1.0402783770344395,-1.3269410159029205,-1.4363862061498875,-1.389542703922555,-1.2215076117888524,-0.9688893725451317
157,-0.6684962891777009,-0.357136664672868,-0.07045982505438514,0.160520811504217,0.30595080379196316,0.34426363409295646,0.2888052350958646
158,0.16825248868142081,0.01417377671815638,-0.13733954467122095,-0.2490653758004629,-0.28415909600124145,-0.21843275895580083,-0.07266293047978453
159,0.12122706533229399,0.3313139043859209,0.5215847074785266,0.6396683749752919,0.6280616054928592,0.4333879658848498,0.060303878867976946
160,-0.37469404481051016,-0.729223511095457,-0.8755136457660802,-0.7428388431179729,-0.29968478354893824,0.31058068158471624,0.7429962694789296
161,0.7991811633040962,0.41610337439695066,-0.12993078278528036,-0.5254921757713849,-0.6623380898821469,-0.5363507650251387,-0.1927302633547081
162,0.1856437731053837,0.46018880833475706,0.5785428706508613,0.52461380284258,0.3517457618027118,0.10881025924016752,-0.16114298612544023
163,-0.4133073345999491,-0.5984483913387997,-0.6827157030365021,-0.6615927812788265,-0.5363820693892813,-0.3081554567452092,0.012494249910270205
164,0.3697796127483168,0.6699484300838346,0.8256402000606257,0.8032654694120333,0.5817798019163367,0.17045692904187554,-0.2992095250110431
165,-0.665171148974032,-0.8012772169236493,-0.7247504714346122,-0.48784224890008054,-0.14611187056836356,0.21985304443782572,0.4891658780199634
166,0.5909304556658256,0.5918409316244756,0.5677516891297787,0.5292116524377761,0.4658113262037974,0.3465623794171391,0.15225137913290215
167,-0.06865667966457975,-0.2507771950086655,-0.3287255649327121,-0.26028727653708367,-0.09646546517969742,0.08641747675641959,0.2162791993300537
168,0.2506627729202295,0.1940286277018856,0.061656056384990304,-0.1148965699690616,-0.23925734683333055,-0.22472076135321695,0.44052188978269996
169,0.4440726586543016,0.43199995926960777,0.4053062886392249,0.36515918006266224,0.3127261668394312,0.24917478226904205,0.175807450188146
170,0.09497895988047078,0.011230204360952095,-0.07038512005695602,-0.1448133170598006,-0.2070006903341276,-0.2523982274442111,-0.27905806533205835
171,-0.2878666802846892,-0.2802929624559486,-0.2577830800877546,-0.22169231377433002,-0.17335322219797042,-0.11480288261042432,-0.05089644654123632
172,0.012806415910598723,0.07074603464608423,0.11736273956622466,0.14709686057202448,0.15587414009467945,0.14564551511062068,0.12018151282436673
173,0.08333620486491058,0.03896366286124807,-0.009082041557629754,-0.05694683676272806,-0.10095245373896576,-0.13812383392690614,-0.1656617213810233
174,-0.1807756973860642,-0.18074809839398143,-0.16301972307149792,-0.12506877633146052,-0.06612569417220301,0.007570163065990787,0.08802720395735054
175,0.16725383707610536,0.23769264199913065,0.29352288231388557,0.3293579926104745,0.3398114074790026,0.3205806935497092,0.2725617401657152
176,0.20118174691964574,0.1127297079564683,0.013494617421150962,-0.0904606276108601,-0.1938311741461261,-0.29095288947639064,-0.37601529669731215
177,-0.4438838438410706,-0.4929845180388296,-0.5258465887698653,-0.5458561648663518,-0.5563993551604616,-0.5608622684843692,-0.5626310136702476
178,-0.564509661230551,-0.5669741283988526,-0.5699182940890054,-0.5732360372148626,-0.576821236690278,-0.5805677714291043,-0.5843695203451946
179,-0.5881203623524018,-0.5911578114381688,-0.5905939218842877,-0.5829438980527539,-0.564549598053433,-0.5316667698884205,-0.48053975528122234
180,-0.4088028588328112,-0.31965023665404785,-0.21766600773325928,-0.10743429105877716,0.006460794381069446,0.11943512959794977,0.2269045956035345
181,0.32475580639090496,0.41075830787878964,0.48315237896732804,0.5401782985566583,0.5800763455469218,0.6010867988382568,0.6014499373308027
182,0.5800357163230144,0.5382327967066045,0.4780595157715999,0.40153421080802915,0.3106752191059186,0.2075008779552967,0.09373717794407069
183,-0.030059277148330038,-0.16231160073553097,-0.296192388194896,-0.42365726858099256,-0.5370445236934791,-0.6298001091571969,-0.6994180231526486
184,-0.7444042744992502,-0.7632648720164161,-0.7545629866542836,-0.7171075799953854,-0.649833344191027,-0.5533512889816674,-0.43490912602632914
185,-0.3034137424636769,-0.16777202543237613,-0.0368908620710911,0.08179165236285824,0.18696752555591423,0.27981729874938793,0.3617764486029717
186,0.43428045177635677,0.4987647849292367,0.5567806622645557,0.6103422481582756,0.661579444529611,0.7126221532977765,0.7656002763819865
187,0.8226437157014557,0.8847966142197029,0.9487600790774635,1.010149458459779,1.0645801005516886,1.1076673535382344,1.1350339313549411
188,1.1423093230426995,1.1257197410765634,1.0847163437098448,1.0215391848449573,0.9389555149790852,0.8397325846094139,0.726637644233129
189,0.6024379443474153,0.4699007354494564,0.33179326803643905,0.19088279260554508,0.04993655965396199,-0.08827818032112505,-0.22075317779275822
190,-0.34351618711487725,-0.45235396361164965,-0.5430532626072424,-0.6114008394258208,-0.6531496352983744,-0.6637781337200417,-0.6392725970399638
191,-0.5811164847100369,-0.4968628740491021,-0.39530764724279016,-0.28524668647673657,-0.17547587393657307,-0.07479109180793102,0.00889677224156113
192,0.07176347534636059,0.11305643607916899,0.13256973974274672,0.13009747163985685,0.1064491788744169,0.06763663152367491,0.025324544676302588
193,-0.00737807026851818,-0.02040063820744803,-0.016548831186959587,-0.003417063383356362,0.011424683069490623,0.0225851165240853,0.02675068432532622
194,0.021047186647666503,0.0026086027184169178,-0.029741614473618283,-0.07042211689366262,-0.11216208274544748,-0.14769069023270398,-0.1697371175591641
195,-0.17103054292855707,-0.1467502551392292,-0.10167842307885758,-0.04225707707323437,0.025170094268888762,0.09386252005041791,0.15698040880217423
196,0.2076839690549832,0.24039782160271994,0.2546042362914722,0.2510498952303828,0.23050322106839327,0.19381959861363934,0.1418761532140585
197,0.07555001021758549,-0.003147804357316042,-0.0868801142768513,-0.16401365250381253,-0.22212460446777066,-0.25134203240619013,-0.25198323539273104
198,-0.2268253077274324,-0.17862207331495544,-0.11065923037158844,-0.028714533931528605,0.0594441483738168,0.14568438934164374,0.2218737617691481
199,0.27987983845352626,0.3115701921919745,0.3101020680232974,0.27504966014594917,0.212325189166675,0.12916038946074632,0.03280230879726284
200,-0.06964749985677154,-0.17166946274273304,-0.2668895009040953,-0.34893353538433036,-0.41142748722691136,-0.449550161400613,-0.4646918985754217
201,-0.4597710595012385,-0.4376065495464201,-0.4009924102339353,-0.35276676334682855,-0.2956763350712337,-0.23144106530452183,-0.16151317730685416
202,-0.0873448943383946,-0.010388439659303805,0.06790396347025507,0.14608009179012066,0.22268772204013,0.29627463096012197,0.3653685093606447
203,0.42867678022250766,0.4859270841468575,0.5371071376222527,0.5822046571372497,0.6212073591804033,0.6541029602402733,0.6808791768054143
204,0.7015237253643853,0.716024322405741,0.7243686844180395,0.7264935133032056,0.722129847096729,0.7109512871678401,0.6926298293658617
205,0.666837469540118,0.6332462035399296,0.5915280272146215,0.5413549364135167,0.48239892698593595,0.4143319947812055,0.33682613564864594
206,0.24955334543758095,0.15229951548347637,0.04578064285825029,-0.06727528471250949,-0.18366575571133342,-0.300188258620751,-0.413640281923295
207,-0.5208193141014926,-0.618522843637876,-0.7035483590149747,-0.7716886860560477,-0.8147179999472678,-0.8234058132155355,-0.7885469310445704
208,-0.7010862779597891,-0.55218986600112,-0.3392675582495536,-0.084508827092631,0.18370195275546558,0.4369804065805563,0.6469421596684606
209,0.7846858128108016,0.819290687464308,0.731463954408812,0.5489457484842499,0.3072066123920552,0.03705409699165285,-0.23166643192284936
210,-0.4691096085573429,-0.6454300671177245,-0.7381480860367139,-0.7542465206543674,-0.7079200349576311,-0.6127479506137022,-0.48215575370983893
211,-0.32956893033329815,-0.16841296657133925,-0.012113348511218591,0.1276039264060851,0.24638464439994567,0.34386939663690724,0.4202726033587297
212,0.4758086848071792,0.5106920612240189,0.525137152851012,0.5193529386468937,0.4935175378195208,0.4477672498187141,0.38292299826304893
213,0.3027804421110787,0.21262839986870505,0.11795555023178597,0.024250571896181572,-0.06299785644225062,-0.13830105608765098,-0.19617034834416103
214,-0.23111705451592116,-0.23950918285975945,-0.22517402965698718,-0.19392573899654234,-0.151610995181098,-0.10407648251332746,-0.05679140627798009
215,-0.013374539614639587,0.024294887648920654,0.05467816175839843,0.07623656895949193,0.08740125741030783,0.08649627647481214,0.07291199829475568
216,0.05022283513005574,0.023045845881118306,-0.004001910551652568,-0.026303375267851915,-0.039241489367074625,-0.03959960477003132,-0.02974685597819536
217,-0.013333450422737505,0.0062298454754330795,0.025588160372047912,0.041557367752796434,0.05163632042319327,0.05353473310126212,0.04513482921980819
218,0.025401887222801636,-0.002707668499896683,-0.035242637168095614,-0.06825181800160386,-0.09778401022023057,-0.12051779803108113,-0.1356509055904469
219,-0.14301084204191583,-0.14246629045952408,-0.13405062963909908,-0.11783841230691686,-0.09390419118925408,-0.06255307295855288,-0.025012380071923107
220,0.01726001106735915,0.06280622405601795,0.11016838249077635,0.1578886099683577,0.20450903008548674,0.24881136365544076,0.2905349758980835
221,0.3296558514112984,0.36614923033333746,0.39999035280245065,0.43115445895688964,0.45939951605327917,0.48361439982174065,0.5024707131107713
222,0.5146400587688672,0.518773031482415,0.5134298852319135,0.49743855331817943,0.470865754908118,0.43404978917915277,0.3873183703832744
223,0.3309992127724767,0.26542003059875063,0.19090853811408776,0.10779244957048106,0.01639947921992088,-0.08265324774804944,-0.18705367040416465
224,-0.29205114892350487,-0.3923577514916244,-0.4829603906736074,-0.5600210515376924,-0.6202793434717947,-0.660550570848869,-0.6776500380418673
225,-0.6693503838379091,0.5911671469857926,0.5566718421119767,0.5178644228749253,0.4752129778517262,0.4292247464077965,0.38040696790855333
226,0.32926688171941365,0.2763117272057935,0.22204874373311012,0.16698517066678045,0.1116282473722209,0.056485213214848756,0.0020633075600802187
227,-0.05113023022666752,-0.10258816077997748,-0.15180324473443313,-0.19826824272461802,-0.24149863729703877,-0.28110079864590154,-0.31670381887733623
228,-0.3479414919679029,-0.3744664193758871,-0.3959359044300056,-0.41200725045897335,-0.4223377607915063,-0.4265847387563212,-0.4244872951977402
229,-0.41619361207541516,-0.40225980045633947,-0.38331884198091026,-0.36000247566964827,-0.33294244054307487,-0.30277047562171167,-0.2701183199260794
230,-0.23561771247669933,-0.1999003922940928,-0.16358926116851033,-0.127234465722995,-0.09122769036581964,-0.05592321325913438,-0.021675312565088534
231,0.011161733554169023,0.04223364693648898,0.07118614941972203,0.09766496284171926,0.12131580904033115,0.1417844098534086,0.15871648711880218
232,0.17185181534007002,0.1813063796835972,0.18729315045062556,0.19003682781899517,0.1897650444356953,0.18670721370681187,0.1810998720748178
233,0.17318133674128328,0.1631899249077775,0.15136395377587003,0.13794174054713088,0.1231616024231301,0.10726185660543719,0.09048082029562117
234,0.07305681069525247,0.05522814500590072,0.0372331404291354,0.019310114166526532,0.0016973834196434487,-0.015366734609944102,-0.03164392272066613
235,-0.04689586371095251,-0.060884240379235156,-0.07337073552394295,-0.08411703194350631,-0.0928848124363559,-0.09947624479430674,-0.10386684306130693
236,-0.10611823138906945,-0.1063059757719357,-0.10451578446037918,-0.10083590126890504,-0.09535457001202115,-0.08816293153608717,-0.07936371481488241
237,-0.06906254585404098,-0.057365050659196413,-0.04437685523598191,-0.030203585590031785,-0.014950867726978623,0.001275672347542868,0.0183704086278991
238,0.036227715108456474,0.054741965783581994,0.07378430394966654,0.09313295011120305,0.11254289407471037,0.1317691256467058,0.15056663463370795
239,0.16869041084223518,0.18589544407880548,0.20193672414993669,0.21656924086214746,0.22954798402195586,0.24062794343587995,0.24956410891043812
240,0.25611117576132086,0.26002266134090984,0.26105139583576287,0.25894863873245344,0.2535224189732822,0.24482655613294355,0.23304060035490565
241,0.21836124389214878,0.20098517899765303,0.18110909792439972,0.15892969292536804,0.13464365625353947,0.10844768016189335,0.08053845690341169
242,0.0511126787310735,0.020367037897860152,-0.01150177334324834,-0.0442970627392725,-0.07782213803723026,-0.11188030698414239,-0.14627487732702704
243,-0.18080915681290521,-0.21528645318879627,-0.24951007420171906,-0.2832833275986938,-0.31640952112673976,-0.34869196253287654,-0.37993395956412324
244,-0.40993881996750114,-0.4385172172405145,-0.46548659998603303,-0.49058103097107175,-0.51351188506606,-0.5339905371414273,-0.5517283620676025
245,-0.5664367347150161,-0.577827029954098,-0.5856106226552773,-0.5894950675245272,-0.5891708992720359,-0.5843178750916922,-0.5746140128394269
246,-0.5597373303711694,-0.539365845542848,-0.5131775762103932,-0.4808505402297338,-0.4420627554568001,-0.396492239747521,-0.34385082505100184
247,-0.28412480105220206,-0.21796909548849525,-0.14648991148696439,-0.0708714706813372,0.0077020052946608075,0.08804629480730405,0.1689771762228669
248,0.2493104279076233,0.3278618282278475,0.40344715554981375,0.47488218823979544,0.5409827046640676,0.6005644831889042,0.6524233091338174
249,0.6952749956312743,0.7277393826315286,0.7481323895430254,0.7546939556387577,0.7460827162393766,0.7226324212306178,0.6852485382517142
250,0.635443666148449,0.5748739249217725,0.5051627183611983,0.4279252712033828,0.3447768081849817,0.2573325540426506,0.1672077335130452
251,0.07601757133282133,-0.014622707761365206,-0.10309787903285911,-0.18790733583493385,-0.26820650616970765,-0.3440556852857253,-0.41561351014857223
252,-0.48264173543549355,-0.5448028952516495,-0.6017595237022011,-0.6532225378694442,-0.6990963867442129,-0.7393339022944769,-0.7739096570280058
253,-0.8028851856117623,-0.8263437632525117,-0.8443686651570164,-0.8570431665320402,-0.8644535455326097,-0.8666980921068055,-0.8638791905080485
254,-0.8561035904180759,-0.8435024032710821,-0.8262998220827742,-0.8047433102642398,-0.7790803312265646,-0.7495583483808352,-0.7164248251381381
255,-0.6799272249095597,-0.6403130111061864,-0.5978296471391049,-0.552724596419401,-0.5052386820921615,-0.45558616623847387,-0.40398998406725317
256,-0.3507343243627279,-0.2961186893029544,-0.24044258106598898,-0.18400550182988878,-0.1271069537727102,-0.07004643907250979,-0.013123459907343704
257,0.04341100511367707,0.09950007165722297,0.1551105151135238,0.21010965549126465,0.26433994895374224,0.317643851664255,0.3698638197861006
258,0.4208423094825765,0.4704217769169795,0.51844467825261,0.564753469652763,0.6091906072807376,0.6515985472998309,0.6918197458733416
259,0.7296966591645659,0.7650717433368031,0.7977874545533497,0.8276862489775041,0.8546105827725635,0.8784029121018264,0.8989056931285905
260,0.9159613820161527,0.9294124349278114,0.9391013080268635,0.944868993568337,0.9465499210448436,0.9440252421100475,0.9373810651547185
261,0.9267609352358862,0.9123100029304858,0.8941734188154565,0.8724963334677351,0.8474238974642572,0.8191012613819607,0.7876735757977817
262,0.7532859912886579,0.7160836584315264,0.6762117278033232,0.6338153499809857,0.5890396755414511,0.5420298550616562,0.492931039118538
263,0.44188837828903355,0.3890470231500787,0.3345521242786121,0.2785488322515691,0.22118229764588737,0.16259767103850437,0.10294010300635614
264,0.04235474412637996,-0.01898796236766881,-0.08076745390033654,-0.1424420803816588,-0.20342124300724823,-0.26311434297271713,-0.3209307814736773
265,-0.3762799597057416,-0.4285712788645225,-0.4772141401456315,-0.5216667633865717,-0.5615827505367765,-0.5966649523650533,-0.6266163271845815
266,-0.6511398333085394,-0.6699384290501056,-0.6827150727224591,-0.6891727226387783,-0.6890143371122426,-0.6819380238514576,-0.6677763237266818
267,-0.6469722693233513,-0.6201227288068412,-0.5878245703425267,-0.5506746620957818,-0.5092698722319818,-0.4642070689165024,-0.41608312031471745
268,-0.36549489459200174,-0.3130392599137309,-0.25931308444527884,-0.2049132363520212,-0.15043658379933242,-0.09647455366955665,-0.043587713094164454
269,0.007705190553413621,0.0569126851995706,0.10361602149498701,0.14741463077141395,0.18790794436060335,0.2246953935943067,0.25737640980427623
270,0.2855504243222632,0.3088168684800195,0.32677517360929687,0.33912070157028584,0.34596507655066633,0.34764601412149726,0.34453423315881226
271,0.33700361197798157,0.3254337202831476,0.31020543485283525,0.2916996324655701,0.2702971898998775,0.24637898393428279,0.22035602943490173
272,0.19274644006199182,0.16404465333851218,0.13473165323120068,0.10528842370679455,0.07619594873203069,0.04793521227364689,0.020987198298380416
273,-0.00416710922703116,-0.02706258703954499,-0.0473534497675364,-0.06493335304964178,-0.07975184760113899,-0.09175848413730667,-0.10090281337342227
274,-0.10717450310731688,-0.11073572985160256,-0.11184017971748307,-0.11076904678148752,-0.10781693077681391,-0.10328097510638722,-0.097458323173133
275,-0.09064611837997662,-0.08314150412984346,-0.07524162382565905,-0.06720244693990067,-0.05911524722325376,-0.051030124495955675,-0.042997178578244005
276,-0.03506650929035572,-0.02728821645252854,-0.019712399884999586,-0.012389159408006827,-0.005368594841786919,0.001299193993422463,0.007564107277383502
277,0.013376045189859558,0.018684907910613006,0.023440595619405938,0.027592521596673854,0.031088151525541414,0.03387446418980522,0.035898431954176926
278,0.03710700150702613,0.03744711311763611,0.03686570705529124,0.03533073175138407,0.03290047634319673,0.029679470359935484,0.025778551388261094
279,0.021308557014833078,0.016380324826312583,0.01110469240935882,0.0055924973506327885,-4.5422763205418826e-05,-0.005698230345496033,-0.011255087809577728
280,-0.01660515756879171,-0.02163760203647635,-0.026241583625971975,-0.03030626475061872,-0.0337208078237564,-0.03637437525872369,-0.03815612946886141
281,-0.03895523286750812,-0.03866084786800532,-0.03719312425979334,0.6008654035408904,0.5911158740856509,0.5809155741524351,0.5702892370536681
282,0.5592615961017753,0.5478573846091817,0.536101335888312,0.5240181832515919,0.5116326600114461,0.4989694994803,0.4860534349705786
283,0.4729091997947072,0.4595615272651106,0.4460351506942145,0.4323548033944434,0.41854521867822225,0.40463112985797733,0.39063727024613243
284,0.3765883731551135,0.3625091718973452,0.34842439978525325,0.334358790131262,0.32033707624779767,0.30638399144728434,0.29252426904214723
285,0.278782642344812,0.2651838446677034,0.2517509059516755,0.23849880003142077,0.22543582689056046,0.21256904389284043,0.19990550840200566
286,0.1874522777818024,0.17521640939597577,0.16320496060827167,0.15142498878243554,0.1398835512822133,0.12858770547135046,0.11754450871359234
287,0.10676101837268481,0.09624429181237376,0.08600138639640442,0.07603935948852247,0.06636526845247376,0.05698617065200334,0.04790912345085771
288,0.03914118421278168,0.030689410301521558,0.022560859080822504,0.014762587914430025,0.007298721696940624,0.0001616554463524933,-0.0066591482884861275
289,-0.01317600771782304,-0.019408364088293273,-0.02537743940562881,-0.03110445567556097,-0.03661063490382166,-0.041917199096142665,-0.047045370258255725
290,-0.05201637039589274,-0.05685142151478478,-0.06157174562066442,-0.06619856471926289,-0.07075310081631198,-0.07525657591754326,-0.07973021202868902
291,-0.08419523115548044,-0.0886728553036496,-0.09318430647892773,-0.09775080668704733,-0.10239357793373971,-0.10713384222473649,-0.11199282156576934
292,-0.1169917379625704,-0.12215181342087095,-0.12749426994640317,-0.13303779398086513,-0.1387909297098241,-0.1447596857548139,-0.15095007073736755
293,-0.15736519624716422,-0.16399658574646497,-0.1708328656656758,-0.177862662435203,-0.185074602485453,-0.19245731224683166,-0.19999941814974553
294,-0.20768954662460054,-0.2155163241018031,-0.22346837701175937,-0.2315343317848757,-0.2397028148515581,-0.24796245264221267,-0.2563018715872462
295,-0.2647096981170644,-0.27317455866207346,-0.2816850796526802,-0.2902298875192903,-0.29879760869230976,-0.3073768696021455,-0.31595629667920333
296,-0.32452451635388946,-0.3330701550566102,-0.34158154472694435,-0.3500458393411613,-0.358449505709707,-0.36677743994304335,-0.3750141454766377
297,-0.38314412574595597,-0.3911518841864643,-0.3990219242336296,-0.4067387493229182,-0.414286862889797,-0.4216507683697318,-0.4288149691981893
298,-0.4357639688106356,-0.44248227064253787,-0.4489543781293621,-0.455164794706575,-0.4610980238096429,-0.4667385688740321,-0.472070933335209
299,-0.4770796206286406,-0.48174913418979304,-0.48606397745413227,-0.4900086538571257,-0.4935676668342394,-0.4967255198209394,-0.4994667162526925
300,-0.5017757595649655,-0.5036371531932244,-0.5050354005729355,-0.5059550051395658,-0.5063804385143877,-0.5062960450619001,-0.5056861373324079
301,-0.5045350278762157,-0.5028270292436291,-0.5005464539849526,-0.4976776146504912,-0.49420482379055,-0.49011621411989015,-0.4854169383490582
302,-0.48012292670489987,-0.47425184875221893,-0.46782137405582136,-0.46084917218051163,-0.45335291269109546,-0.4453502651523775,-0.436858899129163
303,-0.4278964841862571,-0.4184806898884645,-0.40862918580059115,-0.3983596414874414,-0.3876897265138209,-0.3766371104445344,-0.36521946284438717
304,-0.3534544532781838,-0.34135975131073026,-0.3289530265068314,-0.3162519484312919,-0.30327418664891703,-0.29003741072451206,-0.276559290222882
305,-0.26285749470883213,-0.24894969374716722,-0.2348535569026924,-0.22058675374021336,-0.20616695382453493,-0.19161182672046165,-0.17693915661582377
306,-0.16216751656500322,-0.14731691574322198,-0.1324076937001542,-0.11746018998547472,-0.10249474414885851,-0.08753169573998004,-0.07259138430851458
307,-0.05769414940413681,-0.04286033057652114,-0.02811026737534289,-0.013464299350276654,0.0010572339490031168,0.015433992972821164,0.02964563817150284
308,0.043671829995373196,0.05749222889475772,0.0710864953199816,0.0844342897213696,0.09751527254924738,0.11030910425394011,0.12279544528577302
309,0.13495395609507088,0.14676429713215977,0.1582061288473636,0.16925911169100874,0.1799029061134198,0.1901171725649222,0.19988457444410415
310,0.20919978694260802,0.2180615795574162,0.22647308721382783,0.2344385361942205,0.24196215278097138,0.2490481632564579,0.25570079390305733
311,0.261924271003147,0.26772282083910454,0.2731006696933067,0.2780620438481315,0.2826111695859562,0.28675227318915786,0.2904895809401136
312,0.29382731912120197,0.2967697140147989,0.2993209919032826,0.30148537906902995,0.30326710179441885,0.30467038636182614,0.3056994590536298
313,0.30635854615220676,0.30665187393993437,0.30658366869918946,0.3061581237594684,0.305379300638736,0.30425122790207637,0.3027779341145725
314,0.30096344784130813,0.29881179764736693,0.29632701209783274,0.29351311975778854,0.2903741491923173,0.28691412896650437,0.28313708764543166
315,0.27904705379418326,0.2746480559778425,0.2699441227614936,0.2649392827102193,0.2596375643891035,0.2540429963632298,0.24815960719768138
316,0.24199142545754207,0.23554247970789513,0.22881679851382483,0.22181841044041345,0.2145513440527454,0.20702109182417558,0.19923970899047105
317,0.1912235432129824,0.18298964928238767,0.17455508198936437,0.1659368961245925,0.15715214647874845,0.1482178878425108,0.13915117500655808
318,0.1299690627615684,0.12068860589821923,0.11132685920718946,0.10190087747915705,0.09242771550480021,0.0829244280747971,0.07340806997982573
319,0.06389569601056436,0.05440436095769101,0.04495111961188401,0.03555302676382181,0.02622713720418174,0.016990505723642524,0.007860187112882583
320,-0.0011467638374208083,-0.010013292336588792,-0.018722343593943203,-0.027256862818806182,-0.03559979522049929,-0.04373408600834472,-0.05164268039166395
321,-0.0593085235797792,-0.06671456078201204,-0.07384373720768422,-0.08067899806611784,-0.08720328856663495,-0.09339955391855667,-0.09925073933120555
322,-0.10473979001390282,-0.1098496511759709,-0.11456326802673095,-0.11886358577550603,-0.12273354963161674,-0.12615610480438544,-0.129114196503134
323,-0.13159562054175566,-0.1336075751524322,-0.1351621091719173,-0.1362712714369633,-0.1369471107843232,-0.1372016760507508,-0.13704701607299927
324,-0.13649517968782177,-0.13555827791362754,-0.1342486704954514,-0.13257877935998497,-0.13056102643391904,-0.12820783364394525,-0.12553162291675427
325,-0.1225448161790378,-0.11925983535748676,-0.11568910237879236,-0.11184503916964593,-0.10774006765673884,-0.10338660976676206,-0.09879708742640676
326,-0.09398392256236422,-0.0889595371013256,-0.08373635296998236,-0.07832679209502548,-0.07274327640314593,-0.06699822782103541,-0.061104068275384824
327,-0.05507321969288545,-0.048918567091467274,-0.04265615492839753,-0.03630771904971551,-0.029896302375842815,-0.02344494782720223,-0.016976698324215805
328,-0.010514596787305208,-0.0040816861368927065,0.0022989907065992105,0.008604390822748678,0.014811471291133582,0.0208971891913316,0.02683850160292084
329,0.032612365605479116,0.03819573827858433,0.043565576701813935,0.048698837954746305,0.05357247911695901,0.05816345726803013,0.06244872948753729
330,0.06640525285505866,0.07000998445017179,0.07323988135245467,0.07607190064148531,0.0784862303745982,0.08047852618988299,0.08205784938209781
331,0.08323580491572806,0.08402403663009311,0.08443434386384556,0.08447856483047166,0.08416853774345748,0.08351610081628916,0.08253309226245284
332,0.08123135029543488,0.07962271312872102,0.0777190189757977,0.0755321060501509,0.07307381256526675,0.07035597673463169,0.06739043677173133
333,0.06418903089005211,0.06076359730308016,0.057125974224301664,0.05328799986720284,0.0492615124452693,0.045058837071315354,0.040694246455464954
334,0.03618250020716987,0.03153836435496746,0.02677663060373714,0.021912097077443585,0.016959561900051823,0.011933823195526966,0.006849679087833696
335,0.0017219277009367928,-0.0034346328411986246,-0.00860520441460752,-0.013774988895325246,-0.018929188159386795,-0.024053004082827366,-0.02913163854168193
336,-0.034150293411985576,-0.03909417056977338,-0.04394847189108067,-0.048698399251942054,-0.053329154528393166,-0.05782593959646876,-0.062173956332204156
337,-0.06635840661163415,-0.07036449231079399,-0.07417741530571906,-0.07778237747244393,-0.08116646565811701,0.03229467353413762,0.032346924858062676
338,0.03240245341817616,0.03246126614222444,0.03252336995795502,0.03258877179311437,0.03265747857544965,0.03272949723270746,0.03280483469263441
339,0.03288349788297795,0.03296549373148444,0.033050829165901074,0.033139511113974285,0.03323154650345117,0.033326942262078774,0.03342570531760364
340,0.03352784259777275,0.033633361030332765,0.03374226754303078,0.03385456906361339,0.03397027251982765,0.03408938483942059,0.034211912950138146
341,0.03433786377972803,0.03446724425593717,0.03460006130651189,0.03473632185919939,0.03487603284174629,0.035019201181899495,0.0351658338074059
342,0.03531593764601226,0.03546951962546574,0.035626586673512636,0.035787145717900315,0.03595120368637533,0.036118767506684746,0.036289844106574876
343,0.03646444041379304,0.036642563356086275,0.03682421986120099,0.03700941685688419,0.03719816127088249,0.03739046003094326,0.037586320064812995
344,0.03778574830023862,0.03798875166496671,0.03819533708674472,0.03840551149331872,0.038619281812436235,0.03883665497184369,0.03905763789928818
345,0.039282237522516195,0.03951046076927511,0.039742314567311365,0.03997780584437205,0.040216941528203765,0.04045972854655355,0.040706173827168124
346,0.04095628429779441,0.04121006688617912,0.04146752852006941,0.04172867612721176,0.041993516635353334,0.042262056972240836,0.042534304065620976
347,0.04281026484324091,0.04308994623284701,0.043373355162186655,0.04366049855900622,0.043951383351052975,0.04424601646607329,0.044544404831814544
348,0.044846555376023334,0.04515247502644626,0.045462170710830696,0.04577564935692302,0.046092917892470275,0.04641398324521906,0.04673885234291664
349,0.04706753211330983,0.04740002948414501,0.04773635138316967,0.048076504738129966,0.048420496476773156,0.048768333526846064,0.04912002281609559
350,0.04947557127226876,0.04983498582311152,0.050198273396371285,0.050565440919795535,0.05093649532112998,0.051311443528122336,0.05169029246851897
351,0.052073049070066935,0.05245972026051304,0.05285031296760412,0.05324483411908676,0.053643290642708424,0.05404568946621546,0.05445203751735472
352,0.05486234172387339,0.05527660901351794,0.05569484631403521,0.05611706055317245,0.05654325865867618,0.05697344755829348,0.057407634179770795
353,0.05784582545085515,0.05828802829929383,0.05873424965283314,0.05918449643922008,0.05963877558620134,0.06009709402152419,0.06055945867293522
354,0.06102587646818103,0.061496354335008885,0.061970899201165386,0.06244951799439735,0.06293221764245205,0.06341900507307585,0.06390988721401558
355,0.06440487099301828,0.06490396333783091,0.06540717117620032,0.06591450143587285,0.06642596104459564,0.06694155693011594,0.06746129602018014
356,0.06798518524253518,0.06851323152492783,0.06904544179510519,0.06958182298081383,0.0701223820098007,0.07066712580981271,0.07121602949440309
357,0.07176894092035069,0.07232567613024085,0.07288605116665892,0.07344988207219089,0.07401698488942121,0.07458717566093553,0.0751602704293195
358,0.07573608523715825,0.07631443612703714,0.07689513914154134,0.07747801032325657,0.07806286571476795,0.07864952135866116,0.07923779329752112
359,0.07982749757393348,0.08041845023048333,0.08101046730975625,0.08160336485433783,0.08219695890681294,0.08279106550976678,0.08338550070578582
360,0.0839800805374542,0.08457462104735791,0.08516893827808225,0.08576284827221237,0.08635616707233362,0.08694871072103183,0.08754029526089169
361,0.088130736734499,0.08871985118443881,0.08930745465329692,0.08989336318365826,0.09047739281810852,0.09105935959923284,0.09163907956961681
362,0.09221636877184558,0.0927910432485042,0.09336291904217857,0.09393181219545393,0.09449753875091549,0.09505991475114872,0.09561875623873917
363,0.09617387925627163,0.09672509984633176,0.09727223405150509,0.0978150979143769,0.09835350747753246,0.09888727878355708,0.09941622787503646
364,0.09994017079455564,0.10045892358469999,0.1009723022880547,0.10148012294720565,0.10198220160473759,0.1024783543032366,0.10296839708528727
365,0.10345214599347541,0.10392941707038633,0.10440002635860537,0.10486378990071765,0.105320523739309,0.10577004391696443,0.1062121664762693
366,0.10664670745980918,0.10707348291016927,0.1074923088699351,0.10790300138169151,0.10830537648802446,0.10869925023151916,0.1090844386547607
367,0.10946075780033493,0.10982802371082667,0.11018605242882151,0.11053465999690504,0.11087366245766228,0.11120287585367866,0.11152211622753971
368,0.11183119962183041,0.1121299420791364,0.11241815964204327,0.11269566835313605,0.11296228425500017,0.11321782339022102,0.11346210180138377
369,0.11369493553107413,0.11391614062187716,0.11412553311637823,0.11432292905716279,0.11450814448681657,0.11468102840080646,0.1148415616061298
370,0.11498975786266583,0.11512563093029371,0.11524919456889235,0.11536046253834126,0.11545944859851942,0.11554616650930627,0.11562063003058062
371,0.1156828529222218,0.11573284894410918,0.11577063185612202,0.11579621541813911,0.11580961339003976,0.11581083953170324,0.11579990760300873
372,0.11577683136383565,0.11574162457406265,0.1156943009935694,0.11563487438223463,0.11556335849993804,0.1154797671065586,0.11538411396197557
373,0.11527641282606782,0.11515667745871472,0.1150249216197956,0.11488115906918983,0.11472540356677574,0.11455766887243335,0.11437796874604134
374,0.11418631694747994,0.1139827272366265,0.11376721337336182,0.11353978911756446,0.11330046822911344,0.11304926446788821,0.11278619159376793
375,0.11251126336663164,0.11222449354635888,0.11192589589282853,0.11161548416591982,0.11129327212551177,0.1109592735314841,0.11061350214371546
376,0.11025597172208546,0.10988669602647283,0.10950568881675693,0.10911296385281699,0.10870853489453236,0.10829241570178194,0.1078646200344452
377,0.10742516165240112,0.10697405431552909,0.10651131178370779,0.10603694781681705,0.10555097617473552,0.10505341061734286,0.10454426490451807
378,0.10402355279614017,0.10349128805208863,0.10294748443224222,0.10239215569648064,0.10182531560468266,0.10124697791672765,0.10065715639249495
379,0.10005586479186335,0.09944311687471252,0.09881892640092105,0.0981833071303686,0.09753627282293431,0.0968778372384973,0.0962080141369368
380,0.09552681727813161,0.09483426042196141,0.09413035732830521,0.09341518393869874,0.09268906492130236,0.09195238712593379,0.09120553740240983
381,0.09044890260054794,0.08968286957016547,0.08890782516107931,0.08812415622310699,0.08733224960606545,0.0865324921597721,0.08572527073404394
382,0.08491097217869847,0.08408998334355255,0.08326269107842355,0.08242948223312885,0.08159074365748542,0.08074686220131078,0.07989822471442154
383,0.0790452180466355,0.07818822904776956,0.0773276445676413,0.07646385145606749,0.07559723656286566,0.07472818673785264,0.07385708883084607
384,0.07298432969166302,0.07211029617012077,0.07123537511603617,0.07035995337922674,0.06948441780950976,0.06860915525670208,0.06773455257062155
385,0.06686099660108469,0.06598887419790911,0.065118572210912,0.0642504774899102,0.06338497688472156,0.06252245724516281,0.06166330542105125
386,0.06080790826220417,0.059956652618438744,0.05910992533957221,0.05826811327542175,0.057431603275804655,0.05660078219053788,0.055776036869439105
387,0.05495775416232496,0.05414632091901317,0.0533421239893207,0.05254551134823132,0.05175667547139534,0.0509757699596296,0.05020294841375095
388,0.04943836443457608,0.04868217162292199,0.04793452357960515,0.04719557390544282,0.04646547620125163,0.04574438406784842,0.04503245110604981
389,0.044329830916673085,0.04363667710053454,0.04295314325845123,0.04227938299124001,0.04161554989971783,0.0409617975847012,0.04031827964700718
390,0.0396851496874525,0.039062561306853955,0.03845066810602846,0.0378496236857927,0.037259581646963635,0.036680695590358026,0.03611311911679266
391,0.03555700582708443,0.03501250932204991,0.03447978320250644,0.03395898106927042,0.033450256523158695,0.032953763164988326,0.032469654595575825
392,0.031998084415738315,0.03153920622629247,0.03109317362805497,0.03066014022184288,0.030240259608472986,0.02983368538876187,0.029440571163526608
393,0.02906107053358397,0.028695337099750695,0.028343524462843717,0.028005786223679774,0.02768227598307549,0.02737314734184837,0.027078553900814484
