b'\xc2\xa0',0.02980455292211932
b'\xe6\x9c\x88',0.010415152077773627
b'\xe5\xa4\x8d\xe7\x9b\x98',0.009299562488196193
b'\xe6\x97\xa5',0.008110473727721362
b'\xe8\x82\xa1\xe4\xbb\xbd',0.005902302984673506
b'\xe2\x80\x94',0.0058121866099210455
b'\xe7\xa7\x91\xe6\x8a\x80',0.005509561762791332
b'\xe4\xbb\x8a\xe5\xa4\xa9',0.005084225256424227
b'\xe6\x96\xb0',0.004676464638749977
b'\xe5\xb8\x82\xe5\x9c\xba',0.00425496287173404
b'\xe5\xb9\xb4',0.004238026106266379
b'\xe6\x98\x8e\xe5\xa4\xa9',0.004102531982525093
b'\xe8\x82\xa1',0.0040961407502731455
b'\xe6\xb6\xa8\xe5\x81\x9c',0.003999313581656141
b'\xe9\xbe\x99\xe5\xa4\xb4',0.0038472022540597907
b'\xc2\xb7',0.0033461296455071076
b'\xe8\xae\xb0\xe5\xbd\x95',0.003146084076021151
b'2019',0.0030789761373757026
b'\xe6\x93\x8d\xe4\xbd\x9c',0.003074821836411937
b'\xe5\xae\x9e\xe7\x9b\x98',0.0030109095138924616
b'\xe6\x89\x93\xe6\x9d\xbf',0.002903856373672341
b'\xe4\xb8\x80\xe4\xb8\xaa',0.00277986646798456
b'\xe8\x82\xa1\xe5\xb8\x82',0.0026817610529171663
b'\xe4\xb8\xad\xe5\x9b\xbd',0.0026753698206652184
b'\xe5\xa4\xa7\xe7\x9b\x98',0.002657793931972363
b'2018',0.002554575531103411
b'\xe8\xa1\x8c\xe6\x83\x85',0.0025437104362751005
b'\xe8\x82\xa1\xe7\xa5\xa8',0.002540514820149127
b'\xe6\x9d\xbf\xe5\x9d\x97',0.0024011859570566715
b'\xe6\x9c\xba\xe4\xbc\x9a',0.0023030805419892776
b'A\xe8\x82\xa1',0.0022810307907200587
b'\xe6\xa6\x82\xe5\xbf\xb5',0.002225746631740713
b'10',0.002200181702732923
b'\xe5\x85\xb3\xe6\xb3\xa8',0.0021301977095740977
b'\xe4\xb9\xb0',0.0020768309202703365
b'\xe4\xb8\xad',0.0020445551973980016
b'\xe5\x88\x9b\xe6\x8a\x95',0.002004290434210732
b'\xe5\x81\x9a',0.001965303917473853
b'\xe7\xad\x96\xe7\x95\xa5',0.0019550779458707367
b'\xe7\x82\x92\xe8\x82\xa1',0.0019359042491148943
b'\xe4\xba\xba',0.0019017111565669753
b'\xe8\xb5\x84\xe9\x87\x91',0.00187071368014503
b'\xe4\xb8\x8b',0.0018205425069672421
b'\xe7\xa7\x91\xe5\x88\x9b\xe6\x9d\xbf',0.0017789994973295834
b'\xe8\xaf\xb4',0.0017668561560508832
b'\xe5\xa5\xbd',0.0017412912270430932
b'\xe5\x8f\x8d\xe5\xbc\xb9',0.001708695942558161
b'\xe4\xba\xbf',0.0016687507409834893
b'\xe4\xba\xa4\xe6\x98\x93',0.0016578856461551784
b'5G',0.001652453098741023
b'\xe7\xbb\xa7\xe7\xbb\xad',0.001648937921002452
b'\xe5\x88\x86\xe6\x9e\x90',0.0016476596745520625
b'\xe6\x8a\x95\xe8\xb5\x84',0.0016332794019851807
b'\xe6\xac\xa1',0.0016057971033018065
b'\xe4\xbb\x8a\xe6\x97\xa5',0.0016032406104010274
b'\xe7\x8b\xac\xe8\xa7\x92\xe5\x85\xbd',0.0015680888330153163
b'\xe9\xa2\x98\xe6\x9d\x90',0.001564573655276745
b'\xe6\x9d\xbf',0.0014862810601903884
b'\xe6\xaf\x8f\xe6\x97\xa5',0.0014770137734250646
b'\xe4\xb8\x8b\xe5\x91\xa8',0.0014719007876235065
b'\xe4\xb8\xaa\xe8\x82\xa1',0.0014278012850850689
b'\xe5\x90\x8e',0.001418533998319745
b'\xe6\x8c\x87\xe6\x95\xb0',0.0014153383821937713
b'\xe5\x85\xac\xe5\x8f\xb8',0.0014118232044552002
b'11',0.0014086275883292265
b'\xe7\x82\xb9',0.0014063906570410448
b'12',0.0013849800289970208
b'\xe6\x9c\x80',0.0013821039744836444
b'\xe5\x88\xa9\xe5\xa5\xbd',0.0013312936780806618
b'\xe7\x9f\xad\xe7\xba\xbf',0.0013280980619546881
b'\xe8\x8a\xaf\xe7\x89\x87',0.0012999766400461192
b'\xe8\xb5\xb0',0.0012651444242730053
b'\xe5\x86\x8d',0.0012456511659045654
b'\xe5\x8d\x8e\xe4\xb8\xba',0.0012277557155991126
b'\xe6\xa6\x82\xe5\xbf\xb5\xe8\x82\xa1',0.0012168906207708017
b'\xe6\x80\xbb\xe7\xbb\x93',0.0012034690330417121
b'\xe5\x8f\xaa',0.0011942017462763881
b'\xe4\xb8\x87',0.0011862127059614539
b'\xe7\x82\x92',0.0011852540211236618
b'\xe8\x80\x81\xe5\xb8\x88',0.0011779041040339221
b'\xe9\x87\x91\xe8\x9e\x8d',0.0011686368172685983
b'\xe5\x91\xa8\xe4\xb8\x80',0.0011561739143773006
b'\xe5\xb0\x8f',0.0011526587366387296
b'\xe6\x97\xa9\xe7\x9b\x98',0.0011472261892245743
b'\xe8\xb4\xb4',0.0011392371489096398
b'\xe8\xb7\x8c\xe5\x81\x9c',0.0011139917815144473
b'\xe4\xb8\x8b\xe5\x8d\x88',0.001090024660569644
b'20',0.0010766030728405543
b'\xe6\x98\x8e\xe6\x97\xa5',0.0010734074567145806
b'\xe5\xa6\x96\xe8\x82\xa1',0.0010730878951019833
b'\xe7\x83\xad\xe7\x82\xb9',0.0010638206083366595
b'\xe4\xbf\xa1\xe6\x81\xaf',0.0010551924447965303
b'\xe4\xb8\x80\xe4\xb8\x8b',0.0010478425277067908
b'\xe6\xb1\xbd\xe8\xbd\xa6',0.0010414512954548432
b'\xe8\x83\xbd\xe6\xba\x90',0.0010277101461131561
b'\xe9\x80\xbb\xe8\xbe\x91',0.0010254732148249745
b'\xe6\x8a\x80\xe6\x9c\xaf',0.0010178037361226375
b'\xe9\x94\x99',0.001013010311933677
b'\xe7\x89\x9b\xe5\xb8\x82',0.0010126907503210795
b'\xe4\xb8\x8a\xe6\xb5\xb7',0.00100534083323134
b'\xe9\x87\x8d\xe7\xa3\x85',0.0009983104777541976
b'\xe6\xb8\xb8\xe8\xb5\x84',0.0009970322313038083
b'\xe7\x9f\xa5\xe9\x81\x93',0.000992558368727445
b'\xe4\xb9\xb0\xe5\x85\xa5',0.0009919192455022502
b'\xe8\xae\xa1\xe5\x88\x92',0.0009816932738991341
b'\xe7\x8e\xb0\xe5\x9c\xa8',0.0009682716861700444
b'\xe4\xb8\x8a\xe5\xb8\x82',0.0009676325629448498
b'\xe5\x86\x9b\xe5\xb7\xa5',0.0009606022074677075
b'\xe9\x9b\x86\xe5\x9b\xa2',0.0009554892216661495
b'\xe4\xbd\x8e\xe5\x90\xb8',0.0009398307026488782
b'\xe5\xb7\xb2\xe7\xbb\x8f',0.000936315524910307
b'\xe4\xb8\x9a\xe7\xbb\xa9',0.0009359959632977096
b'\xe5\x8f\xb7',0.0009152244584788804
b'\xe6\x83\x85\xe7\xbb\xaa',0.0009142657736410882
b'\xe9\xa3\x8e\xe9\x99\xa9',0.0009011637475245959
b'\xe4\xbd\x8e\xe4\xbb\xb7',0.0009008441859119985
b'\xe6\xb6\x88\xe6\x81\xaf',0.0008979681313986221
b'\xe6\xb6\xa8\xe5\x81\x9c\xe6\x9d\xbf',0.0008839074204443376
b'\xe6\xa8\xa1\xe5\xbc\x8f',0.0008768770649671954
b'\xe9\xab\x98',0.000874001010453819
b'\xe4\xb8\x9c\xe6\x96\xb9',0.0008615381075625214
b'\xe8\xbd\xac',0.0008593011762743398
b'\xe9\xa2\x84\xe6\x9c\x9f',0.0008570642449861581
b'\xe5\xa6\x96',0.0008561055601483661
b'\xe4\xbc\x81\xe4\xb8\x9a',0.0008417252875814842
b'\xe8\xb0\x83\xe6\x95\xb4',0.0008286232614649918
b'\xe6\x83\xb3',0.0008174386050240838
b'\xe8\xb7\xaf',0.0008129647424477205
b'15',0.0008033778940697993
b'\xe8\xaf\x81\xe5\x88\xb8',0.0008033778940697993
b'\xe4\xbd\x8e\xe4\xbd\x8d',0.0008008214011690203
b'\xe8\xb6\x85\xe8\xb7\x8c',0.0007960279769800597
b'\xe5\x91\xa8\xe6\x9c\xab',0.0007950692921422675
b'\xe6\x99\xba\xe8\x83\xbd',0.0007937910456918781
b'\xe7\x89\x9b\xe8\x82\xa1',0.0007842041973139568
b'\xe5\x88\xb8\xe5\x95\x86',0.0007781325266746067
b'\xe6\x99\xba\xe6\x85\xa7',0.0007755760337738277
b'\xe6\xa0\xb8',0.0007752564721612304
b'\xe5\x88\x9b\xe4\xb8\x9a\xe6\x9d\xbf',0.000767267431846296
b'\xe8\xb4\xb8\xe6\x98\x93\xe6\x88\x98',0.0007663087470085038
b'\xe5\x91\xa8\xe6\x9c\x9f',0.0007659891853959064
b'\xe9\x9c\x87\xe8\x8d\xa1',0.000762154446044738
b'\xe5\xb8\x82\xe5\x80\xbc',0.0007592783915313616
b'\xe6\xb6\xa8',0.0007580001450809721
b'30',0.00075704146024318
b'18',0.0007548045289549984
b'\xe7\x9c\x8b\xe5\xa5\xbd',0.0007541654057298036
b'\xe8\xb5\xb0\xe5\x8a\xbf',0.0007532067208920115
b'\xe8\xb5\x9a\xe9\x92\xb1',0.0007512893512164273
b'\xe5\xb7\xb2',0.0007506502279912325
b'\xe6\x8c\x89\xe9\x92\xae',0.0007455372421896746
b'\xe5\x85\x83',0.0007391460099377271
b'\xe7\xa0\xb8',0.0007343525857487664
b'\xe5\x8f\x91\xe5\xb1\x95',0.000734033024136169
b'\xe8\xb7\x8c',0.00073147653123539
b'\xe5\x85\xac\xe5\x91\x8a',0.000723807052533053
b'19',0.0007231679293078584
b'\xe7\xbe\x8e\xe5\x9b\xbd',0.0007206114364070793
b'\xe7\xa8\x80\xe5\x9c\x9f',0.0007183745051188977
b'\xe5\xa4\xa9',0.0007164571354433135
b'\xe8\xb5\x9a',0.0007145397657677292
b'\xe6\xb7\xb1\xe5\x9c\xb3',0.000713581080929937
b'\xe6\xac\xa1\xe6\x96\xb0\xe8\x82\xa1',0.0007123028344795476
b'\xe9\x87\x8d\xe8\xa6\x81',0.0007084680951283791
b'\xe8\xb6\x85',0.0007071898486779895
b'\xe6\x88\x90',0.000704952917389808
b'\xe5\x90\x83',0.0006988812467504579
b'\xe5\x9b\xbd\xe9\x99\x85',0.0006972834386874709
b'\xe6\xa0\x87\xe7\x9a\x84',0.0006928095761111078
b'\xe8\xbd\xaf\xe4\xbb\xb6',0.0006886552751473419
b'\xe5\xb0\xbe\xe7\x9b\x98',0.0006886552751473419
b'\xe8\xbf\x9e\xe6\x9d\xbf',0.0006848205357961734
b'\xe6\x9c\xaa\xe6\x9d\xa5',0.0006803466732198102
b'\xe6\x9c\x9f\xe8\xb4\xa7',0.0006800271116072128
b'\xe6\xac\xa2\xe4\xb9\x90',0.0006765119338686417
b'\xe9\xab\x98\xe9\x80\x81',0.00067427500258046
b'\xe5\xa4\xa7\xe6\xb6\xa8',0.0006729967561300705
b'---',0.0006678837703285125
b'\xe6\x96\xb9\xe5\x90\x91',0.0006669250854907204
b'\xe7\x94\xb5\xe5\xad\x90',0.0006669250854907204
b'\xe5\xb7\xa5\xe4\xb8\x9a',0.0006643685925899415
b'\xe6\x88\x98\xe6\xb3\x95',0.0006634099077521493
b'\xe7\xa7\x91\xe5\x88\x9b',0.0006608534148513703
b'\xe6\x95\xb0\xe5\xad\x97',0.0006598947300135782
b'\xe7\x89\x9b',0.0006570186755002018
b'\xe7\x9b\xae\xe6\xa0\x87',0.0006563795522750071
b'\xe8\xb6\x8b\xe5\x8a\xbf',0.0006560599906624097
b'\xe6\x98\xa8\xe5\xa4\xa9',0.0006528643745364359
b'25',0.0006496687584104622
b'\xe5\xba\x94\xe8\xaf\xa5',0.0006471122655096832
b'\xe5\x91\xa8\xe4\xba\x94',0.0006451948958340989
b'\xe6\x8e\xa7\xe8\x82\xa1',0.0006451948958340989
b'\xe6\x88\x90\xe4\xb8\xba',0.0006448753342215015
b'\xe7\xa5\xa8',0.0006435970877711121
b'\xe9\x93\xb6\xe8\xa1\x8c',0.0006419992797081252
b'\xe5\x80\x8d',0.000637525417131762
b'\xe6\x96\xb0\xe6\x9d\x90',0.0006365667322939698
b'\xe6\xb0\xa2',0.0006356080474561777
b'\xe8\xa1\x8c\xe4\xb8\x9a',0.0006343298010057883
b'\xe6\x82\x9f\xe9\x81\x93',0.0006340102393931909
b'\xe9\x87\x8d\xe7\x82\xb9',0.0006340102393931909
b'\xe9\x97\xae\xe9\xa2\x98',0.0006330515545553987
b'\xe6\xad\xa3\xe5\xae\x97',0.0006330515545553987
b'\xe8\xa1\xa5\xe6\xb6\xa8',0.0006288972535916328
b'\xe8\x83\xbd\xe5\x90\xa6',0.0006269798839160486
b'\xe5\xb9\xb2',0.0006234647061774775
b'\xe9\xbb\x84\xe9\x87\x91',0.0006231451445648801
b'22',0.000622186459727088
b'\xe6\x9c\x80\xe5\xa4\xa7',0.0006218668981144907
b'\xe5\x90\xb9',0.0006209082132766985
b'26',0.0006209082132766985
b'\xe8\x82\xa1\xe6\x9d\x83',0.000619629966826309
b'\xe6\x8a\x84\xe5\xba\x95',0.0006173930355381274
b'\xe5\x8f\x97\xe7\x9b\x8a',0.0006173930355381274
b'13',0.0006151561042499458
b'\xe5\x87\xa0\xe4\xb8\xaa',0.0006119604881239721
b'\xe9\xbe\x99\xe8\x99\x8e\xe6\xa6\x9c',0.0006116409265113747
b'14',0.0006106822416735825
b'16',0.0006106822416735825
b'\xe5\xbc\x80\xe5\x90\xaf',0.0006084453103854009
b'17',0.0006081257487728035
b'\xe5\xa4\xa7\xe9\xba\xbb',0.0006052496942594272
b'\xe5\xba\x95\xe9\x83\xa8',0.000604291009421635
b'\xe5\x94\xaf\xe4\xb8\x80',0.0006039714478090377
b'\xe6\x80\xbb',0.0006036518861964403
b'\xe6\xb3\xa8\xe6\x84\x8f',0.0006004562700704665
b'\xe7\x9b\x98',0.0005978997771696876
b'\xe5\x89\x8d',0.0005959824074941032
b'\xe7\x9c\x9f\xe7\x9a\x84',0.0005959824074941032
b'\xe6\x84\x9f\xe8\xa7\x89',0.0005915085449177401
b'\xe5\xa4\xa7\xe8\xb7\x8c',0.0005899107368547531
b'\xe9\x92\xb1',0.0005899107368547531
b'\xe5\x8c\xba\xe5\x9d\x97',0.0005857564358909874
b'\xe7\xbe\x8e\xe8\x82\xa1',0.0005851173126657926
b'\xe5\x87\xba\xe7\x8e\xb0',0.0005851173126657926
b'\xe7\x82\x92\xe4\xbd\x9c',0.0005835195046028057
b'\xe8\x82\xa1\xe4\xbb\xb7',0.0005831999429902083
b'\xe4\xb8\x8a\xe6\xb6\xa8',0.0005828803813776109
b'\xe4\xb8\x80\xe5\x8f\xaa',0.0005828803813776109
b'\xe4\xbd\x8e',0.0005790456420264425
b'\xe5\x8a\xa8\xe5\x8a\x9b',0.000575210902675274
b'\xe6\x98\xaf\xe4\xb8\x8d\xe6\x98\xaf',0.0005748913410626766
b'\xe8\x82\xa1\xe4\xb8\x9c',0.0005745717794500792
b'\xe9\x93\xbe',0.0005742522178374818
b'21',0.0005732935329996897
b'23',0.0005720152865493002
b'27',0.0005710566017115081
b'\xe6\x94\xb6\xe8\xaf\x84',0.0005704174784863133
b'28',0.0005672218623603396
b'\xe5\xbc\x80\xe7\x9b\x98',0.0005646653694595606
b'\xe6\x9c\x80\xe6\x96\xb0',0.0005643458078469632
b'\xe6\x95\xb0\xe6\x8d\xae',0.0005637066846217684
b'\xe7\xac\xac\xe4\xb8\x80',0.0005608306301083921
b'\xe8\xaf\xb7',0.0005585936988202105
b'\xe7\xad\x89\xe5\xbe\x85',0.0005585936988202105
b'\xe6\x9a\xb4\xe8\xb7\x8c',0.0005557176443068341
b'\xe6\xb7\x98\xe8\x82\xa1',0.0005531611514060552
b'\xe5\xa4\xa7\xe4\xbd\xac',0.0005525220281808604
b'\xe4\xba\x92\xe8\x81\x94\xe7\xbd\x91',0.0005518829049556656
b'\xe6\x94\xb6\xe7\x9b\x98',0.0005506046585052761
b'\xe5\x87\x86\xe5\xa4\x87',0.0005448525494785234
b'\xe6\x8c\x81\xe7\xbb\xad',0.0005438938646407312
b'\xe4\xb8\x8b\xe8\xb7\x8c',0.0005435743030281338
b'\xe5\x9e\x83\xe5\x9c\xbe',0.0005429351798029392
b'\xe6\x8e\xa5\xe5\x8a\x9b',0.000541976494965147
b'\xe7\xa9\xba\xe4\xbb\x93',0.0005413373717399522
b'\xe5\x8f\x82\xe8\x82\xa1',0.0005397395636769654
b'\xe8\xb6\x85\xe7\xba\xa7',0.000539420002064368
b'\xe5\xb8\x8c\xe6\x9c\x9b',0.000539420002064368
b'\xe8\xb6\x85\xe7\x9f\xad',0.0005371830707761864
b'\xe6\x93\x8d\xe7\x9b\x98',0.0005368635091635891
b'\xe6\x9c\x80\xe5\x90\x8e',0.0005362243859383943
b'\xe5\x85\xa8\xe7\x90\x83',0.0005355852627131995
b'\xe6\x88\x90\xe9\x95\xbf',0.00053430701626281
b'\xe7\x88\x86\xe5\x8f\x91',0.0005336678930376153
b'24',0.0005336678930376153
b'\xe6\x9c\x89\xe6\xb2\xa1\xe6\x9c\x89',0.0005307918385242389
b'\xe6\x9c\x89\xe6\x9c\x9b',0.0005301527152990442
b'\xe9\x9f\xad\xe8\x8f\x9c',0.0005275962223982651
b'\xe5\x8c\x96\xe5\xb7\xa5',0.0005259984143352783
b'\xe7\x9c\x8b\xe7\x9c\x8b',0.0005228027982093046
b'\xe5\x88\x86\xe4\xba\xab',0.0005224832365967072
b'\xe4\xb8\x93\xe9\xa2\x98',0.0005173702507951491
b'\xe6\x97\xa9',0.0005148137578943702
b'\xe4\xb8\x8a\xe5\xb8\x82\xe5\x85\xac\xe5\x8f\xb8',0.0005119377033809938
b'\xe5\xa4\xaa',0.0005045877862912542
b'\xe5\x88\x9b\xe6\x96\xb0',0.0005045877862912542
b'\xe5\x8d\x96',0.0005023508550030726
b'\xe4\xb8\x80\xe5\xa4\xa9',0.0005017117317778778
b'\xe7\x9b\x98\xe4\xb8\xad',0.0005007530469400858
b'\xe8\xbf\x9e\xe7\xbb\xad',0.0004985161156519041
b'\xe5\xae\xb6',0.0004972378692015146
b'\xe7\xaa\x81\xe7\xa0\xb4',0.0004962791843637225
b'\xe6\x8e\xa8\xe8\x8d\x90',0.0004959596227511251
b'\xe7\xbb\x88\xe4\xba\x8e',0.0004956400611385277
b'\xe4\xb8\x9c\xe6\x96\xb9\xe9\x80\x9a\xe4\xbf\xa1',0.0004943618146881383
b'\xe7\xbf\xbb\xe5\x80\x8d',0.0004940422530755409
b'\xe6\x9c\xba\xe6\x9e\x84',0.0004937226914629435
b'\xe5\x9f\xba\xe9\x87\x91',0.0004895683904991776
b'\xe7\x9b\x98\xe9\x9d\xa2',0.0004886097056613855
b'\xe6\x9c\x80\xe8\xbf\x91',0.00048733145921099597
b'\xe6\x88\x90\xe5\x8a\x9f',0.0004857336511480091
b'\xe4\xbb\x8a\xe5\xb9\xb4',0.0004838162814724249
b'\xe7\x9b\x88\xe5\x88\xa9',0.0004831771582472301
b'\xe6\x97\xb6\xe9\x97\xb4',0.0004799815421212564
b'\xe6\x96\xb0\xe8\x82\xa1',0.00047774461083307477
b'\xe5\x8f\x8d\xe5\x8c\x85',0.00047678592599528265
b'\xe6\x97\xb6\xe4\xbb\xa3',0.00047614680277008786
b'\xe4\xb8\x80\xe8\xb7\xaf',0.00047614680277008786
b'\xe5\xad\xa6\xe4\xb9\xa0',0.0004758272411574905
b'\xe6\x9a\xb4\xe6\xb6\xa8',0.0004758272411574905
b'\xe6\xb5\xb7\xe5\x8d\x97',0.0004739098714819063
b'\xe6\xbb\xa1\xe4\xbb\x93',0.0004732707482567115
b'\xe9\xab\x98\xe6\x89\x8b',0.00047135337858112726
b'\xe8\xbf\x9b\xe5\x85\xa5',0.00047135337858112726
b'\xe5\x90\xaf\xe5\x8a\xa8',0.00047103381696852987
b'\xe4\xb8\xbb\xe5\x8a\x9b',0.00047007513213073775
b'\xe9\x80\x9a\xe4\xbf\xa1',0.00046496214632917976
b'\xe4\xb8\x80\xe5\xad\x97',0.000464323023103985
b'29',0.0004630447766535955
b'\xe4\xba\x8f\xe6\x8d\x9f',0.00046144696859060867
b'\xe5\x8f\xa0\xe5\x8a\xa0',0.00046144696859060867
b'\xe6\x96\xb0\xe8\x83\xbd\xe6\xba\x90',0.0004611274069780113
b'\xe9\xa2\x84\xe6\xb5\x8b',0.00046080784536541394
b'\xe9\xab\x98\xe4\xbd\x8d',0.00046080784536541394
b'\xe4\xb8\x87\xe5\xae\x9e\xe7\x9b\x98',0.0004585709140772323
b'\xe8\x8d\xaf\xe4\xb8\x9a',0.0004582513524646349
b'\xe7\x9c\x9f\xe6\xad\xa3',0.00045665354440164806
b'\xe9\xbe\x99',0.00045633398278905067
b'\xe9\x9b\x84\xe5\xae\x89',0.00045633398278905067
b'\xe7\x8e\xa9',0.00045537529795125855
b'\xe7\xbb\x93\xe6\x9d\x9f',0.00045537529795125855
b'\xe5\x88\x9b\xe6\x9d\xbf',0.00045537529795125855
b'\xe6\x97\xa5\xe8\xae\xb0',0.00045505573633866116
b'\xe6\x95\xa3\xe6\x88\xb7',0.00045377748988827165
b'\xe6\xb7\xb1',0.0004534579282756743
b'\xe9\x9c\x80\xe8\xa6\x81',0.0004534579282756743
b'\xe5\xbc\xba\xe5\x8a\xbf',0.0004531383666630769
b'\xe7\x94\x9f\xe7\x89\xa9',0.00045281880505047953
b'\xe5\x87\x8f\xe6\x8c\x81',0.0004509014353748953
b'\xe7\x87\x83\xe6\x96\x99\xe7\x94\xb5\xe6\xb1\xa0',0.00045058187376229795
b'\xe6\xa0\xb8\xe5\xbf\x83',0.00045026231214970056
b'\xe4\xb9\x8b\xe5\x90\x8e',0.0004467471344111294
b'\xe8\xae\xa1\xe7\xae\x97',0.00044419064151035044
b'\xe6\x8c\x96\xe6\x8e\x98',0.0004435515182851557
b'\xe5\xae\x9e\xe4\xb8\x9a',0.0004406754637717793
b'50',0.00043907765570879245
b'\xe5\x91\xa8\xe4\xba\x8c',0.0004374798476458056
b'\xe5\x91\xa8\xe5\x9b\x9b',0.0004362016011954161
b'\xe8\x81\x94\xe7\xbd\x91',0.0004355624779702213
b'\xe6\x94\xb6\xe7\x9b\x8a',0.0004314081770064555
b'\xe7\x8e\xaf\xe4\xbf\x9d',0.0004307690537812607
b'\xe6\xaf\x8f\xe5\xa4\xa9',0.0004294908073308712
b'\xe5\x8c\xbb\xe8\x8d\xaf',0.00042789299926788434
b'\xe8\xaf\x81\xe7\x9b\x91\xe4\xbc\x9a',0.0004259756295923001
b'\xe6\x97\xa9\xe5\x8f\x82',0.00042533650636710537
b'\xe5\x86\x8d\xe6\xac\xa1',0.00042373869830411847
b'\xe5\x8f\x91\xe5\xb8\x83',0.00042309957507892374
b'\xe7\xbe\x8e',0.00042246045185372896
b'\xe5\xbd\xb1\xe5\x93\x8d',0.00042246045185372896
b'\xe6\xad\xbb',0.00042246045185372896
b'\xe6\x98\xaf\xe5\x90\xa6',0.0004202235205655474
b'\xe7\x9b\x98\xe5\x89\x8d',0.00041894527411515787
b'\xe7\x9c\x8b\xe7\x9b\x98',0.0004186257125025605
b'\xe4\xb8\xaa\xe7\x82\xb9',0.00041766702766476836
b'\xe4\xb8\xa4\xe4\xb8\xaa',0.00041734746605217096
b'\xe6\x80\x9d\xe8\xb7\xaf',0.00041415184992619727
b'\xe5\x91\xa8\xe4\xb8\x89',0.00041415184992619727
b'\xe8\x82\xa1\xe6\x8c\x87',0.00041319316508840514
b'\xe6\x90\x9e',0.00041255404186321036
b'\xe8\xbf\x9b',0.00041159535702541824
b'\xe6\x96\xb0\xe9\xab\x98',0.0004109562338002235
b'\xe8\xb4\xa6\xe6\x88\xb7',0.0004099975489624314
b'\xe8\xbf\x8e\xe6\x9d\xa5',0.000409677987349834
b'\xe4\xbb\xb7\xe5\x80\xbc',0.00040903886412463927
b'\xe5\xae\x8f\xe5\xb7\x9d',0.00040903886412463927
b'\xe9\xa1\xb6',0.0004083997408994445
b'\xe4\xb8\x87\xe5\x85\xb4',0.0004083997408994445
b'\xe8\x82\xa1\xe6\xb0\x91',0.00040776061767424976
b'\xe9\xa3\x8e\xe5\x8f\xa3',0.00040744105606165237
b'100',0.00040520412477347074
b'\xe7\xa9\xba\xe9\x97\xb4',0.00040264763187269177
b'\xe5\xbb\xba\xe8\xae\xbe',0.0004000911389719128
b'\xe9\x87\x8d\xe7\xbb\x84',0.0004000911389719128
b'\xe5\xaf\xb9\xe6\xa0\x87',0.000399452015746718
b'\xe7\x82\xb9\xe8\xaf\x84',0.000399452015746718
b'\xe5\x9b\xbd\xe5\xae\xb6',0.0003991324541341206
b'\xe4\xba\xbf\xe5\x85\x83',0.0003991324541341206
b'\xe4\xb8\x80\xe5\xb8\xa6',0.00039625639962074426
b'\xe5\x8d\xb4',0.00039529771478295214
b'\xe4\xba\x8f',0.0003946585915577574
b'\xe5\x9f\xba\xe5\xbb\xba',0.0003933803451073679
b'\xe7\x9c\x9f',0.0003930607834947705
b'IPO',0.00039018472898139415
b'\xe5\x90\x88\xe4\xbd\x9c',0.000389226044143602
b'\xe5\x88\xa9\xe7\xa9\xba',0.00038794779769321257
b'\xe6\x8b\x89',0.0003876282360806152
b'\xe5\x80\xbc\xe5\xbe\x97',0.0003876282360806152
b'\xe4\xb8\xbb\xe7\xba\xbf',0.0003873086744680178
b'\xe6\x94\xbf\xe7\xad\x96',0.00038666955124282306
b'\xe7\xbb\x8f\xe6\xb5\x8e',0.00038571086640503094
b'\xe8\xa7\xa3\xe8\xaf\xbb',0.00038571086640503094
b'\xe5\xa2\x9e\xe9\x95\xbf',0.00038539130479243354
b'\xe5\xa1\xab\xe6\x9d\x83',0.00038539130479243354
b'\xe6\x97\xb6',0.00038123700382866767
b'\xe5\x8e\x86\xe5\x8f\xb2',0.0003796391957656808
b'\xe5\x91\xa8',0.0003796391957656808
b'\xe4\xba\xba\xe6\xb0\x91\xe5\xb8\x81',0.00037644357963970707
b'\xe5\xb8\x96',0.00037548489480191495
b'\xe4\xba\x91',0.00037516533318931756
b'\xe6\xb2\xaa',0.00037452620996412283
b'\xe8\x81\x8c\xe4\xb8\x9a',0.00037388708673892805
b'\xe7\x9b\xae\xe5\x89\x8d',0.00037388708673892805
b'\xe6\x8f\x90\xe7\xa4\xba',0.0003732479635137333
b'\xe6\x9c\x9f',0.0003719697170633438
b'\xe5\xb8\x83\xe5\xb1\x80',0.0003713305938381491
b'\xe9\x80\x81',0.00037037190900035695
b'\xe9\x87\x8c',0.0003697327857751622
b'\xe9\x80\xbc',0.0003697327857751622
b'\xe4\xb8\x80\xe6\xb3\xa2',0.0003684545393247727
b'\xe5\x8e\x9f\xe5\x9b\xa0',0.0003684545393247727
b'\xe6\x9c\x80\xe5\xbc\xba',0.0003671762928743832
b'\xe4\xbf\xa1\xe5\x8f\xb7',0.0003665371696491885
b'\xe7\xbc\xa9\xe9\x87\x8f',0.00036525892319879896
b'\xe4\xb8\x80\xe6\xac\xa1',0.0003607850606224357
b'\xe8\xb5\x84\xe6\xba\x90',0.00036046549900983836
b'\xe7\x89\xa9',0.00036014593739724097
b'\xe6\x9c\xac\xe5\x91\xa8',0.0003598263757846436
b'\xe9\x80\x89\xe8\x82\xa1',0.00035918725255944885
b'\xe6\x94\xb9\xe9\x9d\xa9',0.0003582285677216567
b'\xe4\xba\xba\xe5\xb7\xa5\xe6\x99\xba\xe8\x83\xbd',0.0003566307596586698
b'\xe6\x96\xb0\xe7\x96\x86',0.0003566307596586698
b'\xe5\xa3\xb3',0.00035535251320828037
b'\xe8\xb5\x84\xe8\xae\xaf',0.0003547133899830856
b'\xe8\xb5\x84\xe6\x9c\xac',0.0003534351435326961
b'\xe6\xa6\x82\xe7\x8e\x87',0.00035311558192009873
b'\xe4\xb8\x80\xe5\xb9\xb4',0.00035279602030750134
b'\xe9\x80\x89\xe6\x8b\xa9',0.000352476458694904
b'\xe5\x8d\x96\xe5\x87\xba',0.0003518373354697092
b'\xe5\x8f\x91\xe7\x8e\xb0',0.0003508786506319171
b'\xe4\xba\xa7\xe4\xb8\x9a',0.00034928084256893025
b'\xe6\x80\x9d\xe8\x80\x83',0.00034896128095633286
b'\xe7\x86\x8a\xe5\xb8\x82',0.00034768303450594335
b'\xe7\xa7\x91\xe6\x8a\x80\xe8\x82\xa1',0.00034672434966815123
b'\xe6\x94\xb6\xe8\xb4\xad',0.00034672434966815123
b'\xe7\xac\xac\xe4\xb8\x80\xe8\x82\xa1',0.0003464047880555539
b'\xe9\x9d\xa2',0.0003460852264429565
b'\xe7\xae\x80\xe5\x8d\x95',0.0003457656648303591
b'\xe5\x8c\x97\xe4\xba\xac',0.00034544610321776177
b'\xe9\x87\x8d\xe5\xa4\xa7',0.00034384829515477487
b'\xe8\xaf\xb7\xe6\x95\x99',0.0003435287335421775
b'\xe7\xab\x9e\xe4\xbb\xb7',0.00034288961031698275
b'\xe6\xad\xa3\xe5\xbc\x8f',0.0003412918022539959
b'\xe9\xab\x98\xe6\x96\xb0',0.000339693994191009
b'\xe4\xb8\xa4\xe5\xb8\x82',0.0003387353093532169
b'\xe5\x9b\xbd\xe4\xba\xa7',0.00033809618612802214
b'\xe8\xb7\x91',0.00033681793967763263
b'\xe4\xb8\x80\xe7\x82\xb9',0.00033681793967763263
b'\xe5\xa4\xa7\xe7\xa5\x9e',0.00033426144677685366
b'\xe8\x82\x89',0.00033298320032646415
b'\xe5\x9d\x9a\xe6\x8c\x81',0.00033298320032646415
b'\xe8\xb4\xa2\xe7\xbb\x8f',0.0003310658306508799
b'\xe8\x8a\x82\xe5\xa5\x8f',0.000329468022587893
b'\xe7\xac\xac\xe4\xba\x8c',0.000324355036786335
b'\xe4\xb8\x96\xe7\x95\x8c',0.0003237159135611403
b'\xe6\xb6\x88\xe8\xb4\xb9',0.00032179854388555604
b'\xe6\xb1\x87\xe6\x80\xbb',0.00032179854388555604
b'\xe6\x9c\x89\xe7\x82\xb9',0.0003208398590477639
b'\xe5\x8c\xbb\xe7\x96\x97',0.000319242050984777
b'\xe4\xbb\x8a\xe6\x99\x9a',0.00031764424292179017
b'\xe5\x88\x86\xe6\xad\xa7',0.0003150877500210112
b'\xe5\x86\x9c\xe4\xb8\x9a',0.0003144486267958164
b'\xe5\x8a\xa0\xe9\x80\x9f',0.0003122116955076348
b'\xe9\xbe\x99\xe5\xa4\xb4\xe8\x82\xa1',0.0003122116955076348
b'3000',0.0003122116955076348
b'\xe5\x8d\x88\xe8\xaf\x84',0.00031189213389503745
b'\xe6\xb0\xb8\xe7\xa3\x81',0.00031157257228244006
b'\xe7\x9b\xb4\xe6\x8e\xa5',0.0003109334490572453
b'\xe6\xb6\xa8\xe4\xbb\xb7',0.0003109334490572453
b'\xe7\x9f\xad\xe6\x9c\x9f',0.00031029432583205054
b'\xe6\x8f\xad\xe7\xa7\x98',0.0003096552026068558
b'\xe7\x94\xb5\xe6\xb0\x94',0.0003093356409942584
b'\xe5\xb0\x8f\xe7\x9b\x98',0.0003090160793816611
b'\xe8\x8c\x85\xe5\x8f\xb0',0.0003074182713186742
b'\xe5\xb9\xb2\xe8\xb4\xa7',0.0003074182713186742
b'\xe6\x8c\x81\xe8\x82\xa1',0.0003070987097060768
b'\xe7\xa8\xb3\xe5\xae\x9a',0.00030582046325568733
b'\xe4\xb8\x8a\xe8\xaf\x81',0.0003048617784178952
b'\xe6\x88\x98\xe7\x95\xa5',0.0003048617784178952
b'\xe6\x9c\x89\xe4\xba\xba',0.0003032639703549083
b'\xe9\x95\xbf\xe5\xbe\x81',0.0003032639703549083
b'\xe7\x9c\x8b\xe5\x88\xb0',0.0003023052855171162
b'\xe5\x8f\x91',0.00030134660067932407
b'\xe6\xb5\xb7\xe5\xb2\xb8',0.0002997487926163372
b'\xe6\x95\x88\xe5\xba\x94',0.0002987901077785451
b'\xe9\x9b\x86\xe4\xbd\x93',0.0002987901077785451
b'\xe4\xbc\xa0\xe5\xaa\x92',0.0002987901077785451
b'\xe5\x9b\x9e',0.0002981509845533503
b'\xe6\x8c\x81\xe6\x9c\x89',0.000297831422940753
b'\xe5\xa4\xa9\xe5\xa4\xa9',0.000297831422940753
b'\xe2\x9e\x95',0.00029687273810296086
b'\xe5\x8d\x88\xe9\x97\xb4',0.00029655317649036347
b'5g',0.00029559449165257135
b'\xe4\xb8\x87\xe4\xba\xbf',0.00029431624520218183
b'\xe7\x9b\x91\xe7\xae\xa1',0.0002933575603643897
b'\xe7\x96\xaf\xe7\x8b\x82',0.0002930379987517923
b'\xe5\x89\xb2\xe8\x82\x89',0.000292718437139195
b'\xe4\xb8\x89\xe4\xb8\xaa',0.0002920793139140002
b'\xe8\xb4\xb5\xe5\xb7\x9e',0.0002911206290762081
b'\xe9\x87\x91\xe5\x8a\x9b',0.0002911206290762081
b'\xe4\xba\xba\xe7\x94\x9f',0.0002882445745628317
b'\xe8\xbf\x91\xe6\x9c\x9f',0.0002882445745628317
b'\xe4\xb8\xbb\xe6\xb5\x81',0.000287605451337637
b'\xe8\xbe\xbe',0.0002872858897250396
b'\xe7\xbd\x91\xe7\xbb\x9c',0.0002869663281124422
b'\xe6\x87\x82',0.00028664676649984487
b'\xe6\x97\xa0',0.0002863272048872475
b'\xe6\x8e\xa7\xe5\x88\xb6',0.00028568808166205275
b'\xe5\xbc\xba',0.00028504895843685797
b'\xe6\x89\x8b\xe6\x9c\xba',0.00028504895843685797
b'\xe4\xb8\x9a\xe5\x8a\xa1',0.00028472939682426063
b'\xe9\x99\x84',0.00028472939682426063
b'\xe5\x81\x9c\xe7\x89\x8c',0.00028472939682426063
b'\xe8\xbd\xac\xe8\xae\xa9',0.0002834511503738711
b'\xe5\xb8\x96\xe5\xad\x90',0.0002831315887612737
b'\xe5\x9b\xbd\xe5\x86\x85',0.0002831315887612737
b'\xe5\x85\x89\xe7\x94\xb5',0.0002831315887612737
b'\xe7\x9b\xb8\xe5\x85\xb3',0.0002831315887612737
b'\xe6\x9d\x90\xe6\x96\x99',0.00028281202714867633
b'\xe6\x83\x85\xe5\x86\xb5',0.00028057509586049476
b'\xe5\xbb\xba\xe8\xae\xae',0.0002799359726353
b'\xe9\xa1\xb9\xe7\x9b\xae',0.0002799359726353
b'\xe4\xb8\x80\xe5\xae\x9a',0.00027961641102270264
b'\xe5\x85\xa8\xe9\x9d\xa2',0.00027929684941010524
b'\xe5\x9b\x9e\xe8\xb4\xad',0.00027897728779750785
b'\xe4\xba\xa4\xe6\xb5\x81',0.0002783381645723131
b'\xe5\xa4\xae\xe8\xa1\x8c',0.0002776990413471184
b'\xe6\xb5\x99\xe6\xb1\x9f',0.0002770599181219236
b'\xe7\x94\xb5\xe5\x8a\x9b',0.0002764207948967289
b'\xe4\xb8\x89\xe5\xa4\xa7',0.0002764207948967289
b'\xe5\x85\xb3\xe9\x94\xae',0.00027514254844633937
b'\xe7\x8e\xaf\xe5\xa2\x83',0.00027514254844633937
b'\xe5\x88\x86\xe5\x8c\x96',0.00027514254844633937
b'\xe4\xba\xa7\xe5\x93\x81',0.00027450342522114464
b'\xe5\x8c\xba',0.00027386430199594986
b'\xe5\xae\x8c',0.0002735447403833525
b'\xe6\x8b\x89\xe5\x8d\x87',0.00027322517877075513
b'\xe6\xb7\x98\xe9\x87\x91',0.00027322517877075513
b'\xe5\xb9\xb3\xe5\x8f\xb0',0.000272266493932963
b'\xe8\xbe\xb9\xe7\xbc\x98',0.000272266493932963
b'\xe8\xaf\xb7\xe9\x97\xae',0.0002719469323203656
b'\xe8\x9e\x8d\xe8\xb5\x84',0.0002716273707077683
b'\xe6\x99\x9a\xe9\x97\xb4',0.0002709882474825735
b'\xe4\xb8\xba\xe5\x95\xa5',0.000269710001032184
b'31',0.00026907087780698926
b'\xe6\x9c\x80\xe5\xa5\xbd',0.0002674730697440024
b'\xe8\x83\x8c\xe5\x90\x8e',0.000267153508131405
b'\xe9\xbb\x91\xe9\xa9\xac',0.0002661948232936129
b'\xe4\xb8\x80\xe5\xad\x97\xe6\x9d\xbf',0.0002658752616810155
b'\xe6\x89\x8b',0.0002658752616810155
b'\xe7\xa0\x94\xe7\xa9\xb6',0.00026427745361802866
b'\xe4\xb8\x8b\xe5\x91\xa8\xe4\xb8\x80',0.00026427745361802866
b'\xe4\xb9\x9d\xe9\xbc\x8e',0.00026395789200543126
b'\xe4\xbd\x9c\xe4\xb8\x9a',0.00026363833039283387
b'\xe8\xb4\xac\xe5\x80\xbc',0.00026299920716763914
b'\xe5\x8d\x8a\xe5\xaf\xbc\xe4\xbd\x93',0.00026267964555504175
b'\xe4\xbb\xb7\xe6\xa0\xbc',0.00026172096071724963
b'\xe4\xbb\x93\xe4\xbd\x8d',0.00026172096071724963
b'\xe7\x9f\xa5\xe8\xaf\x86\xe4\xba\xa7\xe6\x9d\x83',0.0002614013991046523
b'\xe8\x85\xbf',0.0002610818374920549
b'\xe6\x94\xaf\xe6\x8c\x81',0.0002598035910416654
b'\xe4\xb8\x80\xe4\xba\x9b',0.00025948402942906805
b'\xe5\x86\x85\xe5\x8f\x82',0.00025948402942906805
b'\xe8\xae\xbe\xe8\xae\xa1',0.00025948402942906805
b'\xe7\xb3\xbb\xe7\xbb\x9f',0.00025916446781647066
b'\xe5\x9c\xb0\xe6\x9d\xbf',0.00025884490620387327
b'\xe6\xa0\xbc\xe5\xb1\x80',0.0002585253445912759
b'\xe5\x8f\x82\xe4\xb8\x8e',0.00025788622136608115
b'\xe6\x9b\xbf\xe4\xbb\xa3',0.00025788622136608115
b'\xe6\xb5\xb7',0.0002572470981408864
b'\xe6\x9d\x80',0.00025692753652828903
b'\xe5\x85\x84\xe5\xbc\x9f',0.00025660797491569164
b'\xe7\xba\xbf',0.00025660797491569164
b'\xe5\xb4\x9b\xe8\xb5\xb7',0.00025660797491569164
b'\xe5\x88\x87\xe6\x8d\xa2',0.0002562884133030943
b'\xe5\xbc\xba\xe5\x8a\xbf\xe8\x82\xa1',0.0002556492900778995
b'\xe6\x97\xa9\xe8\xaf\x84',0.0002556492900778995
b'\xe6\xb7\x98\xe5\x8e\xbf',0.0002553297284653022
b'\xe2\x80\x8b',0.0002553297284653022
b'\xe4\xb8\x80\xe8\xb5\xb7',0.00025437104362751006
b'\xe9\x98\xb6\xe6\xae\xb5',0.00025437104362751006
b'\xe4\xba\xba\xe6\xb0\x94',0.00025405148201491267
b'ST',0.00025341235878971794
b'\xe8\xae\xa8\xe8\xae\xba',0.00025341235878971794
b'\xe9\xa2\x86\xe5\x9f\x9f',0.00025341235878971794
b'\xe6\x8e\xa5\xe7\x9b\x98',0.00025309279717712055
b'08',0.00025277323556452316
b'\xe8\xb8\x8f\xe7\xa9\xba',0.00025277323556452316
b'\xe7\x9f\xb3\xe6\xb2\xb9',0.00025213411233932843
b'\xe5\xae\x89\xe5\x85\xa8',0.00025181455072673104
b'\xe7\xa0\xb4',0.0002511754275015363
b'\xe4\xbc\xb0\xe5\x80\xbc',0.0002508558658889389
b'\xe5\x89\x8d\xe7\x9e\xbb',0.0002508558658889389
b'\xe8\xb5\x84\xe4\xba\xa7',0.0002508558658889389
b'\xe5\x9b\x9e\xe8\x90\xbd',0.0002508558658889389
b'\xe5\x8d\x88\xe7\x9b\x98',0.0002505363042763415
b'\xe6\xb7\xb1\xe5\xba\xa6',0.0002498971810511468
b'\xe9\x87\x8d\xe6\x96\xb0',0.0002498971810511468
b'\xe8\xb8\xa9',0.0002498971810511468
b'\xe6\xbd\x9c\xe4\xbc\x8f',0.0002495776194385494
b'\xe8\xbf\x99\xe7\xa7\x8d',0.0002495776194385494
b'\xe5\x85\xa8\xe9\x83\xa8',0.00024925805782595207
b'\xe4\xb8\x8d\xe5\x88\xb0',0.0002489384962133547
b'\xe4\xb8\xa5\xe9\x87\x8d',0.0002489384962133547
b'\xe8\xbf\x99\xe6\xac\xa1',0.0002486189346007573
b'\xe6\x8b\x9f',0.0002486189346007573
b'\xe6\x96\x87\xe5\x8c\x96',0.00024829937298815995
b'\xe5\x88\x86\xe7\xb1\xbb',0.00024797981137556255
b'\xe6\xb1\x82',0.00024797981137556255
b'\xe6\x8a\x93',0.0002473406881503678
b'\xe6\x8d\xa2\xe6\x89\x8b',0.00024670156492517304
b'\xe6\x9c\x9f\xe5\xbe\x85',0.0002460624416999783
b'\xe9\x81\x93',0.0002457428800873809
b'07',0.0002451037568621862
b'\xe5\x8d\x97\xe4\xba\xac',0.0002447841952495888
b'\xe6\xbd\xae',0.0002447841952495888
b'\xe5\xb8\x82\xe5\x8c\x97',0.0002444646336369914
b'\xe8\xb4\xa7\xe5\xb8\x81',0.00024286682557400456
b'OLED',0.0002422277023488098
b'\xe5\xb0\x8f\xe7\xb1\xb3',0.00024190814073621244
b'\xe4\xb8\x80\xe5\x91\xa8',0.00024190814073621244
b'\xe6\x8c\x87',0.00024126901751101768
b'\xe6\x9c\x8b\xe5\x8f\x8b',0.00024094945589842032
b'\xe4\xba\x8c\xe6\x9d\xbf',0.00024062989428582293
b'\xe5\x88\x9b',0.00024062989428582293
b'\xe5\x8a\xa0',0.00024031033267322556
b'\xe6\x9c\x80\xe9\xab\x98',0.00024031033267322556
b'\xe5\x90\x8d\xe5\x8d\x95',0.0002399907710606282
b'\xe8\xb7\x9f\xe8\xb8\xaa',0.0002399907710606282
b'\xe9\x98\xbf\xe9\x87\x8c',0.0002396712094480308
b'\xe5\x8f\x8d',0.00023935164783543344
b'\xe8\x90\xbd\xe5\x9c\xb0',0.00023839296299764132
b'\xe5\xb0\x8f\xe5\xbf\x83',0.00023807340138504393
b'\xe5\xa4\xa7\xe6\xb9\xbe',0.00023807340138504393
b'\xe5\x91\x8a\xe8\xaf\x89',0.00023775383977244657
b'\xe5\x88\xa9\xe6\xb6\xa6',0.00023775383977244657
b'\xe6\x96\xb0\xe9\x97\xbb',0.00023775383977244657
b'\xe4\xb8\xa4\xe5\xa4\xa9',0.0002374342781598492
b'\xe7\x89\xb9\xe6\x9c\x97\xe6\x99\xae',0.0002374342781598492
b'\xe6\xb1\xa0',0.0002371147165472518
b'\xe7\xac\xac\xe4\xb8\x80\xe6\xac\xa1',0.00023679515493465445
b'\xe9\x97\xae',0.00023679515493465445
b'\xe7\x8e\x8b\xe8\x80\x85',0.00023647559332205708
b'\xe4\xb8\xad\xe4\xbf\xa1',0.0002348777852590702
b'\xe5\x85\x88',0.00023455822364647281
b'\xe9\x80\x80\xe5\xb8\x82',0.00023455822364647281
b'\xe7\xbb\xbf\xe8\x89\xb2',0.00023391910042127809
b'\xe6\x89\x93\xe9\x80\xa0',0.0002335995388086807
b'\xe9\x9b\x86\xe5\x90\x88\xe7\xab\x9e\xe4\xbb\xb7',0.00023327997719608333
b'\xe5\x90\x8e\xe5\xb8\x82',0.00023264085397088857
b'\xe9\x87\x91',0.0002323212923582912
b'\xe5\x81\xa5\xe5\xba\xb7',0.0002323212923582912
b'\xe8\x87\xaa\xe4\xb8\xbb',0.00023200173074569382
b'\xe5\xa4\x96\xe8\xb5\x84',0.00023200173074569382
b'\xe7\xac\x94\xe8\xae\xb0',0.00023072348429530433
b'\xe5\x9b\x9e\xe8\xb0\x83',0.00023072348429530433
b'\xe4\xb8\x80\xe7\x9b\xb4',0.0002297647994575122
b'\xe5\xbc\x80\xe6\x9d\xbf',0.0002297647994575122
b'\xe5\x88\xb6\xe9\x80\xa0',0.00022944523784491482
b'\xe5\xa4\xa7\xe5\xb9\x85',0.00022912567623231746
b'\xe6\xad\xa3',0.0002288061146197201
b'T',0.0002288061146197201
b'----',0.0002288061146197201
b'\xe7\x89\xb9\xe5\x81\x9c',0.0002284865530071227
b'\xe6\x9c\x88\xe4\xbb\xbd',0.00022784742978192797
b'\xe7\x9b\xb4\xe6\x92\xad',0.00022752786816933058
b'\xe6\xb6\xa8\xe5\xb9\x85',0.00022720830655673322
b'\xe6\x8a\x95\xe8\xb5\x84\xe8\x80\x85',0.00022688874494413582
b'\xe7\xa7\x91',0.00022656918333153846
b'\xe6\x8a\x95\xe6\x9c\xba',0.0002259300601063437
b'\xe8\x80\x81\xe5\x93\xa5',0.0002259300601063437
b'\xe6\xb2\xa1\xe4\xba\xba',0.00022561049849374634
b'\xe8\xa7\x89\xe5\xbe\x97',0.00022561049849374634
b'\xe7\x99\xbe\xe4\xb8\x87',0.00022561049849374634
b'\xe5\x85\xa8',0.00022561049849374634
b'\xe6\x8a\x8a\xe6\x8f\xa1',0.00022529093688114897
b'\xe8\xbf\x99\xe6\x98\xaf',0.00022529093688114897
b'\xe5\xbc\x80',0.00022497137526855158
b'\xe6\x9c\xaa',0.00022465181365595422
b'\xe9\xa2\x84\xe5\x88\xa4',0.00022401269043075946
b'\xe5\x90\x83\xe9\x9d\xa2',0.0002236931288181621
b'\xe4\xba\xa4\xe8\xbf\x90',0.0002236931288181621
b'\xe4\xba\x8b\xe4\xbb\xb6',0.00022305400559296734
b'03',0.00022305400559296734
b'\xe7\xb2\xbe\xe9\x80\x89',0.00022241488236777259
b'\xe4\xb8\x89\xe6\x9d\xbf',0.00022209532075517522
b'\xe9\x9a\xbe',0.00022177575914257786
b'\xe9\x95\xbf\xe4\xb8\x89\xe8\xa7\x92',0.00022177575914257786
b'\xe4\xbb\xa5\xe5\x90\x8e',0.0002208170743047857
b'\xe7\x8e\x8b',0.0002208170743047857
b'\xe5\xaf\x8c\xe5\xa3\xab\xe5\xba\xb7',0.0002198583894669936
b'\xe6\xb3\xb0\xe6\xb0\xb8',0.00021953882785439622
b'\xe5\x88\x9b\xe4\xb8\x9a',0.00021921926624179886
b'\xe6\x89\xbe',0.00021889970462920147
b'\xe4\xba\x8b',0.00021889970462920147
b'\xe9\xab\x98\xe5\xba\xa6',0.00021889970462920147
b'\xe6\x84\x9f\xe8\xb0\xa2',0.00021762145817881198
b'\xe5\x87\xa0\xe5\xa4\xa9',0.0002173018965662146
b'\xe7\x89\xb9\xe6\x96\xaf\xe6\x8b\x89',0.0002173018965662146
b'\xe5\x9b\xbd\xe8\xb5\x84',0.00021698233495361723
b'\xe6\x9b\xb4\xe6\x96\xb0',0.00021634321172842247
b'\xe8\x8b\xb9\xe6\x9e\x9c',0.00021570408850322774
b'\xe6\x97\x97\xe5\xb8\x9c\xe9\xb2\x9c\xe6\x98\x8e',0.00021538452689063035
b'\xe4\xb8\x8a\xe8\xbd\xa6',0.000215064965278033
b'\xe4\xba\xa4\xe6\x98\x93\xe6\x97\xa5',0.000215064965278033
b'\xe5\xa4\x8d\xe7\x89\x8c',0.000215064965278033
b'\xe6\x9f\x94\xe6\x80\xa7',0.000215064965278033
b'\xe4\xbd\x8e\xe5\xbc\x80',0.00021378671882764348
b'\xe4\xbb\xa5\xe4\xb8\x8a',0.00021378671882764348
b'\xe7\x82\xb8\xe6\x9d\xbf',0.0002134671572150461
b'\xe8\xbf\x9b\xe5\x8f\xa3',0.0002134671572150461
b'\xe5\x8a\xa0\xe4\xbb\x93',0.00021282803398985135
b'\xe5\xae\x9e\xe7\x8e\xb0',0.00021282803398985135
b'\xe6\xad\xa3\xe5\x9c\xa8',0.000212508472377254
b'\xe5\xa4\xa7\xe9\x95\xbf',0.000212508472377254
b'\xe8\xb5\xb5',0.00021218891076465663
b'\xe5\xa4\xa9\xe7\x84\xb6\xe6\xb0\x94',0.00021186934915205923
b'\xe4\xba\xa7\xe4\xb8\x9a\xe9\x93\xbe',0.00021154978753946187
b'\xe5\xb7\xa5\xe4\xbd\x9c',0.00021123022592686448
b'\xe8\xa1\xa8\xe7\x8e\xb0',0.00021123022592686448
b'\xe9\x99\x84\xe8\x82\xa1',0.00021091066431426711
b'\xe9\xa1\xb6\xe7\xba\xa7',0.00021059110270166975
b'\xe5\x86\xb3\xe5\xae\x9a',0.000209951979476475
b'\xe6\x8f\x90\xe5\x89\x8d',0.00020963241786387763
b'\xe6\x89\x80\xe6\x9c\x89',0.00020963241786387763
b'\xe5\x9f\x8e\xe5\xb8\x82',0.00020963241786387763
b'40',0.00020931285625128024
b'\xe5\x9b\xbe',0.00020931285625128024
b'\xe6\x9d\xa5\xe4\xb8\xb4',0.00020899329463868287
b'\xe6\xb8\x85\xe4\xbb\x93',0.00020867373302608548
b'\xe4\xb9\xb0\xe7\x82\xb9',0.00020771504818829336
b'\xe5\xbc\xb1\xe5\x8a\xbf',0.000207395486575696
b'\xe6\x84\x8f\xe6\x80\x9d',0.00020707592496309863
b'\xe7\x9c\x9f\xe6\x98\xaf',0.00020707592496309863
b'\xe7\xb2\xa4\xe6\xb8\xaf\xe6\xbe\xb3',0.00020707592496309863
b'\xe5\xbc\xb1',0.00020675636335050124
b'\xe5\xba\x95',0.00020643680173790388
b'\xe8\xb6\x85\xe9\xa2\x91',0.00020643680173790388
b'\xe7\x90\x86\xe8\xa7\xa3',0.0002061172401253065
b'09',0.00020579767851270912
b'\xe8\xb0\xa8\xe6\x85\x8e',0.000204838993674917
b'\xe6\x88\x90\xe9\x83\xbd',0.000204838993674917
b'\xe5\xae\x8c\xe7\xbe\x8e',0.00020451943206231964
b'\xe6\xb3\xa2',0.00020451943206231964
b'\xe5\x8e\x89\xe5\xae\xb3',0.00020419987044972224
b'\xe9\xa6\x96\xe6\x9d\xbf',0.00020388030883712488
b'\xe6\xac\xa2\xe8\xbf\x8e',0.00020324118561193012
b'\xe4\xb8\xbb\xe6\x9d\xbf',0.00020324118561193012
b'06',0.00020292162399933276
b'\xe9\xab\x98\xe6\xbd\xae',0.00020260206238673537
b'\xe5\x8d\x9a\xe5\xbc\x88',0.000202282500774138
b'\xe5\x87\xba\xe6\x89\x8b',0.00020196293916154064
b'\xe7\x89\xa9\xe6\xb5\x81',0.00020196293916154064
b'\xe8\x85\xbe\xe8\xae\xaf',0.00020164337754894325
b'\xe8\xb7\xb3\xe6\xb0\xb4',0.00020132381593634588
b'\xe8\xbf\x9b\xe5\x9c\xba',0.00020132381593634588
b'\xe9\x99\x8d\xe5\x87\x86',0.00020100425432374852
b'04',0.00020036513109855376
b'\xe5\xba\x94\xe5\xaf\xb9',0.000199726007873359
b'\xe5\xa4\xa7\xe7\x89\x9b\xe8\x82\xa1',0.000199726007873359
b'\xe8\xbf\x91\xe7\xab\xaf\xe6\xac\xa1',0.000199726007873359
b'\xe4\xb8\xad\xe7\xa7\x91',0.00019908688464816425
b'\xe6\x81\x92\xe7\xab\x8b',0.00019876732303556689
b'\xe5\x90\xb9\xe7\xa5\xa8',0.00019844776142296952
b'\xe8\x87\xaa\xe8\xb4\xb8\xe5\x8c\xba',0.00019844776142296952
b'\xe6\x81\x90\xe6\x85\x8c',0.00019780863819777477
b'\xe6\x97\xa9\xe4\xb8\x8a',0.0001974890765851774
b'\xe6\x96\xb0\xe9\xbe\x99\xe5\xa4\xb4',0.00019684995335998265
b'\xe7\x9c\x8b\xe6\xb3\x95',0.00019653039174738525
b'05',0.00019653039174738525
b'\xe5\x88\x86',0.00019557170690959313
b'\xe5\x86\x99',0.00019557170690959313
b'\xe8\xa5\xbf\xe9\x83\xa8',0.00019557170690959313
b'\xe5\x8f\x8d\xe8\xbd\xac',0.000194613022071801
b'\xe4\xbd\x8e\xe4\xbc\xb0',0.000194613022071801
b'\xe6\x8a\xbd',0.00019429346045920365
b'\xe9\xa3\x9e',0.00019429346045920365
b'\xe5\xb8\xae',0.00019397389884660628
b'\xe4\xb8\x8d\xe5\xa5\xbd',0.0001936543372340089
b'\xe6\xb3\xa8\xe5\x86\x8c',0.0001936543372340089
b'\xe9\xa9\xb1\xe5\x8a\xa8',0.00019333477562141153
b'\xe8\x80\x90\xe5\xbf\x83',0.00019301521400881414
b'\xe6\xb1\x9f\xe8\x8b\x8f',0.00019301521400881414
b'\xe6\xac\xa3\xe9\x94\x90',0.00019269565239621677
b'\xe9\x87\x8f',0.00019205652917102202
b'\xe4\xb8\x80\xe7\xa7\x8d',0.00019205652917102202
b'\xe9\x94\x99\xe8\xbf\x87',0.00019173696755842465
b'\xe5\x86\x8d\xe5\xba\xa6',0.0001910978443332299
b'\xe6\x98\x8e\xe6\x98\xbe',0.0001910978443332299
b'\xe4\xb8\x8d\xe9\x94\x99',0.0001910978443332299
b'\xe5\xa4\xb1\xe8\xb4\xa5',0.00019045872110803514
b'\xe5\x8f\x8d\xe6\x80\x9d',0.00019013915949543778
b'\xe5\x9d\x91',0.00018950003627024302
b'\xe6\x8e\xa8\xe8\xbf\x9b',0.0001888609130450483
b'\xe7\x87\x83\xe6\xb0\x94',0.0001888609130450483
b'\xe9\xab\x98\xe5\xbc\x80',0.0001888609130450483
b'\xe7\xaa\x81\xe7\x84\xb6',0.00018822178981985353
b'\xe5\xb7\xae',0.00018822178981985353
b'\xe6\x97\xa5\xe5\xbf\x97',0.00018790222820725617
b'\xe8\x8a\x82\xe5\x90\x8e',0.00018758266659465878
b'\xe5\x85\xa5\xe5\xb8\x82',0.00018758266659465878
b'\xe5\xb7\xa8\xe5\xa4\xb4',0.00018758266659465878
b'\xe6\x95\xb4\xe7\x90\x86',0.00018758266659465878
b'\xe8\xb4\xb8\xe6\x98\x93',0.00018726310498206141
b'\xe5\xb1\x8f',0.00018726310498206141
b'\xe4\xbc\xb0\xe8\xae\xa1',0.00018694354336946402
b'\xe5\xb0\x8f\xe6\x95\xa3',0.00018662398175686666
b'\xe5\x9b\x9e\xe5\xbd\x92',0.00018662398175686666
b'\xe5\xbe\xb7\xe6\x96\xb0',0.0001863044201442693
b'\xe5\x88\x9a\xe5\x88\x9a',0.0001859848585316719
b'\xe5\xae\x8c\xe6\x88\x90',0.0001859848585316719
b'\xe8\xa3\x85\xe5\xa4\x87',0.00018566529691907454
b'\xe5\x85\xac\xe5\xb8\x83',0.00018566529691907454
b'1000',0.00018566529691907454
b'\xe5\xba\x94\xe7\x94\xa8',0.00018502617369387978
b'\xe5\xb9\xb4\xe6\x8a\xa5',0.00018502617369387978
b'\xe5\x8f\x91\xe5\xb8\x96',0.00018470661208128242
b'\xe5\x85\xb3\xe7\xa8\x8e',0.00018438705046868503
b'\xe5\x9b\x9e\xe6\x9d\xa5',0.00018406748885608766
b'\xe4\xb8\x80\xe8\x82\xa1',0.00018406748885608766
b'\xe6\x9c\x80\xe4\xbd\xb3',0.00018406748885608766
b'\xe5\x8d\x81\xe5\x80\x8d',0.0001834283656308929
b'\xe8\xa7\x82\xe7\x82\xb9',0.0001834283656308929
b'\xe8\xbd\xa6',0.0001834283656308929
b'\xe5\xa4\xa7\xe9\x9d\xa2',0.00018310880401829554
b'V',0.00018310880401829554
b'\xe8\xa6\x81\xe9\x97\xbb',0.00018310880401829554
b'\xe8\xb0\x88\xe8\xb0\x88',0.00018278924240569818
b'\xe6\xb0\xb8\xe5\x92\x8c',0.00018278924240569818
b'\xe5\x85\x89\xe4\xbc\x8f',0.00018246968079310078
b'\xe4\xb9\x90',0.00018183055756790606
b'2018.11',0.00018183055756790606
b'\xe6\xb0\xb4\xe5\xb9\xb3',0.00018151099595530866
b'\xe6\x98\xa5\xe5\xa4\xa9',0.00018151099595530866
b'\xe5\x87\xba\xe8\xb4\xa7',0.00018151099595530866
b'\xe5\xad\x90\xe5\x85\xac\xe5\x8f\xb8',0.0001811914343427113
b'\xe7\x8c\xaa\xe8\x82\x89',0.0001808718727301139
b'\xe8\xb5\xb7\xe6\xad\xa5',0.00018023274950491918
b'\xe5\x8d\x87\xe7\xba\xa7',0.00018023274950491918
b'\xe5\x89\xb2',0.00018023274950491918
b'\xe9\x80\x9a\xe4\xba\xa7',0.00018023274950491918
b'\xe8\xbf\x9b\xe8\xa1\x8c',0.0001799131878923218
b'\xe4\xb9\x8b\xe8\xb7\xaf',0.00017959362627972442
b'500',0.00017959362627972442
b'\xe8\xa7\xa3\xe6\x9e\x90',0.00017959362627972442
b'\xe6\x81\x92\xe6\x8c\x87',0.00017959362627972442
b'\xe5\x90\x8c\xe8\x8a\xb1\xe9\xa1\xba',0.00017959362627972442
b'\xe6\xb8\xaf\xe8\x82\xa1',0.0001786349414419323
b'\xe6\x96\xb9\xe6\xb3\x95',0.0001786349414419323
b'\xe4\xb8\x8d\xe6\x96\xad',0.0001786349414419323
b'\xe5\x8d\x88\xe5\x90\x8e',0.0001783153798293349
b'\xe9\xbb\x91',0.0001783153798293349
b'\xe8\x81\x94\xe7\x9b\x9f',0.00017799581821673755
b'\xe6\x94\xb6\xe5\x89\xb2',0.00017767625660414018
b'\xe5\x86\xb2\xe9\xab\x98',0.00017767625660414018
b'\xe4\xba\x9a\xe5\xa4\x8f',0.00017767625660414018
b'\xe7\x88\x86',0.0001773566949915428
b'\xe6\x9d\x80\xe8\xb7\x8c',0.00017703713337894543
b'\xe7\xad\xb9\xe7\xa0\x81',0.00017703713337894543
b'60',0.00017703713337894543
b'\xe4\xbf\xa1\xe4\xbb\xb0',0.00017703713337894543
b'\xe5\xb8\x82',0.00017703713337894543
b'\xe9\xa6\x96\xe6\x89\xb9',0.00017639801015375067
b'\xe7\xa1\xae\xe5\xae\x9a',0.00017575888692855594
b'\xe7\xb2\xbe\xe5\x87\x86',0.00017575888692855594
b'\xe4\xbf\xa1\xe6\x89\x98',0.00017575888692855594
b'\xe6\xa2\xa6\xe6\x83\xb3',0.00017543932531595855
b'\xe5\x8d\x81\xe5\xb9\xb4',0.00017543932531595855
b'2000',0.00017543932531595855
b'\xe5\x88\xb6\xe8\x8d\xaf',0.00017511976370336119
b'\xe5\xae\xa3\xe5\xb8\x83',0.00017511976370336119
b'\xe5\xbf\x83\xe6\x80\x81',0.0001748002020907638
b'\xe8\xaf\x9e\xe7\x94\x9f',0.00017448064047816643
b'\xe6\xbd\x9c\xe5\x8a\x9b',0.00017448064047816643
b'\xe5\x8d\x8a\xe8\xb7\xaf',0.00017384151725297167
b'\xe5\x9b\x9e\xe6\x92\xa4',0.00017384151725297167
b'\xe8\xbf\x98\xe8\xa6\x81',0.00017384151725297167
b'\xe8\xa7\x82\xe5\xaf\x9f',0.0001735219556403743
b'\xe4\xba\xba\xe9\x80\xa0\xe8\x82\x89',0.0001735219556403743
b'\xe8\xbf\x9c',0.00017320239402777695
b'\xe4\xba\xbf\xe7\xbe\x8e\xe5\x85\x83',0.00017320239402777695
b'\xe7\x94\x9f\xe6\x80\x81',0.00017288283241517955
b'\xe6\x8a\xa2',0.00017192414757738743
b'2018.12',0.00017192414757738743
b'\xe5\x8f\x82\xe8\x80\x83',0.00017160458596479007
b'\xe5\x8a\xa0\xe6\xb2\xb9',0.00017160458596479007
b'\xe6\x83\xb3\xe6\xb3\x95',0.00017160458596479007
b'\xe6\x99\x9a\xe4\xb8\x8a',0.00017160458596479007
b'\xe5\xa5\x97\xe5\x88\xa9',0.00017128502435219268
b'\xe5\x9b\x9e\xe9\xa1\xbe',0.00017128502435219268
b'\xe8\xae\xaf',0.00017128502435219268
b'\xe5\x86\xb0\xe7\x82\xb9',0.0001709654627395953
b'\xe5\x8f\x98',0.00017032633951440056
b'\xe5\x81\x9a\xe5\xa5\xbd',0.00017032633951440056
b'\xe6\x94\xb6\xe9\x9b\x86',0.00017032633951440056
b'\xe7\xac\x91',0.00017032633951440056
b'\xe5\x81\x9a\xe5\x88\xb0',0.00016904809306401107
b'\xe5\x88\xb0\xe6\x9d\xa5',0.00016904809306401107
b'\xe8\xb5\xa2',0.00016904809306401107
b'\xe7\x88\xb1',0.00016872853145141368
b'\xe8\xae\xb0',0.00016808940822621895
b'\xe9\x95\xbf\xe5\x9f\x8e',0.00016808940822621895
b'\xe4\xb9\xb0\xe8\xbf\x9b',0.00016776984661362156
b'\xe7\xa1\xae\xe8\xae\xa4',0.00016776984661362156
b'\xe5\x85\xa8\xe5\x9b\xbd',0.0001674502850010242
b'\xe6\x88\xbf\xe5\x9c\xb0\xe4\xba\xa7',0.0001674502850010242
b'\xe5\x88\xa4\xe6\x96\xad',0.00016649160016323208
b'\xe4\xb8\xba\xe4\xb8\xbb',0.00016649160016323208
b'\xe4\xba\xa4\xe5\xbb\xba',0.00016649160016323208
b'\xe5\x8f\x98\xe7\x9b\x98',0.0001661720385506347
b'\xe6\x95\x99\xe8\x82\xb2',0.0001661720385506347
b'\xe7\x90\x86\xe7\x94\xb1',0.00016585247693803732
b'\xe4\xbe\x9b\xe5\xba\x94\xe5\x95\x86',0.00016585247693803732
b'\xe5\xbd\xa2\xe6\x80\x81',0.00016521335371284256
b'\xe5\x8d\xa1\xe4\xbd\x8d',0.0001648937921002452
b'\xe8\xa5\xbf\xe5\xae\x89',0.0001648937921002452
b'\xe5\xbd\x92\xe6\x9d\xa5',0.0001648937921002452
b'\xe4\xb8\xbd\xe6\x98\x9f',0.00016425466887505044
b'\xe5\x93\xa5',0.00016393510726245308
b'\xe5\xaf\xbb\xe6\x89\xbe',0.00016361554564985571
b'\xe5\x8e\x9f\xe6\x9d\xa5',0.00016361554564985571
b'\xe4\xb8\xad\xe5\x85\xb4',0.00016361554564985571
b'\xe6\xb8\xb8\xe6\x88\x8f',0.00016329598403725832
b'\xe5\x96\x9c\xe6\xac\xa2',0.00016329598403725832
b'\xe7\xa0\x94\xe5\x8f\x91',0.00016297642242466096
b'\xe6\x88\x90\xe4\xba\xa4',0.00016265686081206357
b'\xe5\x8f\x91\xe8\xa1\x8c',0.00016265686081206357
b'\xe5\x8f\xaa\xe8\x83\xbd',0.00016201773758686884
b'200',0.00016201773758686884
b'\xe8\xb5\xb7\xe9\xa3\x9e',0.00016137861436167408
b'\xe4\xba\x8f\xe9\x92\xb1',0.00016137861436167408
b'\xe8\xae\xba\xe5\x9d\x9b',0.00016105905274907672
b'\xe4\xbd\x8e\xe4\xbb\xb7\xe8\x82\xa1',0.00016105905274907672
b'\xe8\x87\xb4\xe6\x95\xac',0.00016073949113647933
b'\xe4\xbc\x91\xe6\x81\xaf',0.00016073949113647933
b'\xe5\x90\x88\xe9\x87\x91',0.00016073949113647933
b'a',0.00016041992952388196
b'\xe6\x98\xa8\xe6\x97\xa5',0.00016041992952388196
b'\xe8\x82\xa1\xe6\xb5\xb7',0.00016041992952388196
b'\xe5\x80\x9f\xe5\xa3\xb3',0.00016041992952388196
b'\xe5\xbd\x93\xe5\x89\x8d',0.0001601003679112846
b'\xe6\xa2\xb3\xe7\x90\x86',0.0001601003679112846
b'\xe7\xab\x99',0.0001601003679112846
b'\xe7\xaf\x87',0.00015882212146089508
b'\xe8\x8e\xb7',0.00015882212146089508
b'\xe8\xbf\x99\xe6\xb3\xa2',0.00015882212146089508
b'\xe4\xb8\xa8',0.00015882212146089508
b'\xe4\xbd\x9b\xe5\xb1\xb1',0.00015850255984829772
b'\xe6\xaf\x94\xe8\xbe\x83',0.00015850255984829772
b'\xe5\x8f\xaf\xe6\x8e\xa7',0.00015850255984829772
b'\xe9\x80\x82\xe5\x90\x88',0.00015850255984829772
b'\xe5\x85\xb3\xe7\xb3\xbb',0.00015818299823570033
b'\xe5\xb0\x81',0.0001575438750105056
b'\xe6\x8a\xa5',0.0001575438750105056
b'\xe9\xa2\x84\xe5\xa2\x9e',0.0001572243133979082
b'CDR',0.0001572243133979082
b'\xe4\xb8\x8a\xe8\xaf\x81\xe6\x8c\x87\xe6\x95\xb0',0.00015690475178531084
b'\xe5\x86\x8d\xe7\x8e\xb0',0.00015690475178531084
b'\xe5\x8d\x8e\xe9\x94\x8b',0.00015690475178531084
b'\xe7\x94\x9f\xe6\xb4\xbb',0.00015658519017271345
b'\xe8\xb4\xa2\xe5\xaf\x8c',0.00015658519017271345
b'01',0.0001562656285601161
b'\xe5\xbc\x82\xe5\x8a\xa8',0.0001562656285601161
b'20%',0.00015594606694751872
b'\xe8\xb7\xaf\xe6\xa1\xa5',0.00015594606694751872
b'\xe4\xb8\x89\xe5\xb9\xb4',0.00015562650533492133
b'\xe6\x8e\xa2\xe5\xba\x95',0.00015562650533492133
b'\xe4\xb8\x8a\xe4\xba\xa4\xe6\x89\x80',0.00015562650533492133
b'\xe7\xae\x97',0.00015434825888453185
b'\xe6\x9c\x8d\xe5\x8a\xa1',0.00015434825888453185
b'\xe4\xbc\x9a\xe8\xae\xae',0.00015434825888453185
b'\xe9\x87\x91\xe8\x82\xa1',0.00015402869727193448
b'\xe7\x9b\x98\xe5\x90\x8e',0.00015402869727193448
b'\xe5\xbc\x80\xe5\x8f\x91',0.0001537091356593371
b'\xe4\xba\x92\xe8\x81\x94',0.0001537091356593371
b'\xe4\xb8\xa4\xe5\xa4\xa7',0.0001537091356593371
b'\xe5\xb0\x94',0.00015338957404673973
b'\xe5\xb0\x81\xe6\x9d\xbf',0.00015338957404673973
b'\xe5\xa4\x9a\xe4\xb9\x85',0.00015275045082154497
b'\xe5\xba\x84\xe8\x82\xa1',0.00015275045082154497
b'\xe5\xa2\x9e\xe6\x8c\x81',0.00015275045082154497
b'\xe7\x9f\xb3\xe5\xa2\xa8',0.00015275045082154497
b'\xe6\x97\x85\xe6\xb8\xb8',0.0001524308892089476
b'\xe7\x86\x8a',0.0001524308892089476
b'\xe5\xa4\xa7\xe4\xbc\x9a',0.0001524308892089476
b'\xe4\xb8\x8a\xe5\x8d\x8a\xe5\xb9\xb4',0.0001524308892089476
b'\xe4\xb8\xad\xe7\xba\xbf',0.00015211132759635021
b'\xe6\x88\x98',0.00015179176598375285
b'\xe5\x85\xac\xe5\xbc\x80',0.00015147220437115549
b'\xe6\x95\x91',0.00015147220437115549
